,TrialType,IsCorrect,PsychometricId,NoiseChance
0,Rand,False,None,"{'lowerLim': '0.35', 'upperLim': '0.35'}"
1,Rand,True,None,"{'lowerLim': '0.35', 'upperLim': '0.35'}"
2,Rand,True,None,"{'lowerLim': '0.35', 'upperLim': '0.35'}"
3,Rand,True,None,"{'lowerLim': '0.35', 'upperLim': '0.35'}"
4,Rand,False,None,"{'lowerLim': '0.35', 'upperLim': '0.35'}"
5,Rand,True,None,"{'lowerLim': '0.35', 'upperLim': '0.35'}"
6,Rand,True,None,"{'lowerLim': '0.35', 'upperLim': '0.35'}"
7,Rand,True,None,"{'lowerLim': '0.35', 'upperLim': '0.35'}"
8,Rand,True,None,"{'lowerLim': '0.35', 'upperLim': '0.35'}"
9,Rand,True,None,"{'lowerLim': '0.35', 'upperLim': '0.35'}"
10,Rand,True,None,"{'lowerLim': '0.35', 'upperLim': '0.35'}"
11,Rand,True,None,"{'lowerLim': '0.35', 'upperLim': '0.35'}"
12,Rand,False,None,"{'lowerLim': '0.35', 'upperLim': '0.35'}"
13,Rand,True,None,"{'lowerLim': '0.35', 'upperLim': '0.35'}"
14,Rand,True,None,"{'lowerLim': '0.35', 'upperLim': '0.35'}"
15,Rand,True,None,"{'lowerLim': '0.35', 'upperLim': '0.35'}"
16,Rand,True,None,"{'lowerLim': '0.35', 'upperLim': '0.35'}"
17,Rand,False,None,"{'lowerLim': '0.35', 'upperLim': '0.35'}"
18,Rand,True,None,"{'lowerLim': '0.35', 'upperLim': '0.35'}"
19,Rand,True,None,"{'lowerLim': '0.35', 'upperLim': '0.35'}"
20,Rand,True,None,"{'lowerLim': '0.35', 'upperLim': '0.35'}"
21,Rand,True,None,"{'lowerLim': '0.35', 'upperLim': '0.35'}"
22,Rand,True,None,"{'lowerLim': '0.35', 'upperLim': '0.35'}"
23,Rand,False,None,"{'lowerLim': '0.35', 'upperLim': '0.35'}"
24,Rand,True,None,"{'lowerLim': '0.35', 'upperLim': '0.35'}"
25,Rand,False,None,"{'lowerLim': '0.35', 'upperLim': '0.35'}"
26,Rand,True,None,"{'lowerLim': '0.35', 'upperLim': '0.35'}"
27,Rand,False,None,"{'lowerLim': '0.35', 'upperLim': '0.35'}"
28,Rand,False,None,"{'lowerLim': '0.35', 'upperLim': '0.35'}"
29,Rand,True,None,"{'lowerLim': '0.35', 'upperLim': '0.35'}"
30,Rand,True,None,"{'lowerLim': '0.35', 'upperLim': '0.35'}"
31,Rand,True,None,"{'lowerLim': '0.35', 'upperLim': '0.35'}"
32,Rand,True,None,"{'lowerLim': '0.35', 'upperLim': '0.35'}"
33,Rand,True,None,"{'lowerLim': '0.35', 'upperLim': '0.35'}"
34,Rand,False,None,"{'lowerLim': '0.35', 'upperLim': '0.35'}"
35,Rand,True,None,"{'lowerLim': '0.35', 'upperLim': '0.35'}"
36,Rand,True,None,"{'lowerLim': '0.35', 'upperLim': '0.35'}"
37,Rand,True,None,"{'lowerLim': '0.35', 'upperLim': '0.35'}"
38,Rand,True,None,"{'lowerLim': '0.35', 'upperLim': '0.35'}"
39,Rand,True,None,"{'lowerLim': '0.35', 'upperLim': '0.35'}"
40,Rand,True,None,"{'lowerLim': '0.35', 'upperLim': '0.35'}"
41,Rand,True,None,"{'lowerLim': '0.35', 'upperLim': '0.35'}"
42,Rand,True,None,"{'lowerLim': '0.35', 'upperLim': '0.35'}"
43,Rand,True,None,"{'lowerLim': '0.35', 'upperLim': '0.35'}"
44,Rand,True,None,"{'lowerLim': '0.35', 'upperLim': '0.35'}"
45,Rand,True,None,"{'lowerLim': '0.35', 'upperLim': '0.35'}"
46,Rand,True,None,"{'lowerLim': '0.35', 'upperLim': '0.35'}"
47,Rand,True,None,"{'lowerLim': '0.35', 'upperLim': '0.35'}"
48,Rand,True,None,"{'lowerLim': '0.35', 'upperLim': '0.35'}"
49,Rand,True,None,"{'lowerLim': '0.35', 'upperLim': '0.35'}"
50,Rand,True,None,"{'lowerLim': '0.35', 'upperLim': '0.35'}"
51,Rand,True,None,"{'lowerLim': '0.35', 'upperLim': '0.35'}"
52,Rand,True,None,"{'lowerLim': '0.35', 'upperLim': '0.35'}"
53,Rand,True,None,"{'lowerLim': '0.35', 'upperLim': '0.35'}"
54,Rand,True,None,"{'lowerLim': '0.35', 'upperLim': '0.35'}"
55,Rand,True,None,"{'lowerLim': '0.35', 'upperLim': '0.35'}"
56,Rand,True,None,"{'lowerLim': '0.35', 'upperLim': '0.35'}"
57,Rand,True,None,"{'lowerLim': '0.35', 'upperLim': '0.35'}"
58,Rand,True,None,"{'lowerLim': '0.35', 'upperLim': '0.35'}"
59,Rand,True,None,"{'lowerLim': '0.35', 'upperLim': '0.35'}"
60,Rand,True,None,"{'lowerLim': '0.35', 'upperLim': '0.35'}"
61,Rand,True,None,"{'lowerLim': '0.35', 'upperLim': '0.35'}"
62,Rand,True,None,"{'lowerLim': '0.35', 'upperLim': '0.35'}"
63,Rand,False,None,"{'lowerLim': '0.35', 'upperLim': '0.35'}"
64,Rand,True,None,"{'lowerLim': '0.35', 'upperLim': '0.35'}"
65,Rand,True,None,"{'lowerLim': '0.35', 'upperLim': '0.35'}"
66,Rand,True,None,"{'lowerLim': '0.35', 'upperLim': '0.35'}"
67,Rand,False,None,"{'lowerLim': '0.35', 'upperLim': '0.35'}"
68,Rand,True,None,"{'lowerLim': '0.35', 'upperLim': '0.35'}"
69,Rand,True,None,"{'lowerLim': '0.35', 'upperLim': '0.35'}"
70,Rand,True,None,"{'lowerLim': '0.35', 'upperLim': '0.35'}"
71,Rand,True,None,"{'lowerLim': '0.35', 'upperLim': '0.35'}"
72,Psychometric,False,1667569989268750_0,"{'lowerLim': '0.35', 'upperLim': '0.35'}"
73,Rand,True,None,"{'lowerLim': '0.35', 'upperLim': '0.35'}"
74,Psychometric,False,1667569989268750_1,"{'lowerLim': '0.35', 'upperLim': '0.35'}"
75,Psychometric,False,1667565594544601_1,"{'lowerLim': '0.35', 'upperLim': '0.75'}"
76,Rand,True,None,"{'lowerLim': '0.35', 'upperLim': '0.35'}"
77,Rand,True,None,"{'lowerLim': '0.35', 'upperLim': '0.35'}"
78,Rand,True,None,"{'lowerLim': '0.35', 'upperLim': '0.35'}"
79,Rand,False,None,"{'lowerLim': '0.35', 'upperLim': '0.35'}"
80,Rand,True,None,"{'lowerLim': '0.35', 'upperLim': '0.35'}"
81,Rand,True,None,"{'lowerLim': '0.35', 'upperLim': '0.35'}"
82,Psychometric,False,1667565594544601_1,"{'lowerLim': '0.35', 'upperLim': '0.45'}"
83,Rand,True,None,"{'lowerLim': '0.35', 'upperLim': '0.35'}"
84,Rand,True,None,"{'lowerLim': '0.35', 'upperLim': '0.35'}"
85,Rand,True,None,"{'lowerLim': '0.35', 'upperLim': '0.35'}"
86,Rand,True,None,"{'lowerLim': '0.35', 'upperLim': '0.35'}"
87,Psychometric,False,1667569989268750_0,"{'lowerLim': '0.35', 'upperLim': '0.55'}"
88,Psychometric,False,1667569989268750_1,"{'lowerLim': '0.35', 'upperLim': '0.75'}"
89,Rand,True,None,"{'lowerLim': '0.35', 'upperLim': '0.35'}"
90,Rand,True,None,"{'lowerLim': '0.35', 'upperLim': '0.35'}"
91,Rand,True,None,"{'lowerLim': '0.35', 'upperLim': '0.35'}"
92,Rand,True,None,"{'lowerLim': '0.35', 'upperLim': '0.35'}"
93,Psychometric,False,1667565594544601_1,"{'lowerLim': '0.35', 'upperLim': '0.55'}"
94,Psychometric,False,1667565594544601_0,"{'lowerLim': '0.35', 'upperLim': '0.75'}"
95,Psychometric,False,1667569989268750_1,"{'lowerLim': '0.35', 'upperLim': '0.45'}"
96,Rand,True,None,"{'lowerLim': '0.35', 'upperLim': '0.35'}"
97,Rand,True,None,"{'lowerLim': '0.35', 'upperLim': '0.35'}"
98,Rand,True,None,"{'lowerLim': '0.35', 'upperLim': '0.35'}"
99,Psychometric,True,1667569989268750_0,"{'lowerLim': '0.35', 'upperLim': '0.45'}"
100,Psychometric,True,1667565594544601_0,"{'lowerLim': '0.35', 'upperLim': '0.75'}"
101,Psychometric,False,1667569989268750_1,"{'lowerLim': '0.35', 'upperLim': '0.55'}"
102,Psychometric,False,1667569989268750_1,"{'lowerLim': '0.35', 'upperLim': '0.65'}"
103,Psychometric,True,1667569989268750_0,"{'lowerLim': '0.35', 'upperLim': '0.35'}"
104,Psychometric,False,1667565594544601_1,"{'lowerLim': '0.35', 'upperLim': '0.35'}"
105,Psychometric,True,1667565594544601_1,"{'lowerLim': '0.35', 'upperLim': '0.65'}"
106,Psychometric,False,1667565594544601_1,"{'lowerLim': '0.35', 'upperLim': '0.75'}"
107,Rand,True,None,"{'lowerLim': '0.35', 'upperLim': '0.35'}"
108,Psychometric,False,1667565594544601_0,"{'lowerLim': '0.35', 'upperLim': '0.35'}"
109,Rand,True,None,"{'lowerLim': '0.35', 'upperLim': '0.35'}"
110,Psychometric,False,1667565594544601_0,"{'lowerLim': '0.35', 'upperLim': '0.55'}"
111,Psychometric,True,1667565594544601_1,"{'lowerLim': '0.35', 'upperLim': '0.45'}"
112,Rand,True,None,"{'lowerLim': '0.35', 'upperLim': '0.35'}"
113,Psychometric,True,1667569989268750_0,"{'lowerLim': '0.35', 'upperLim': '0.45'}"
114,Psychometric,False,1667565594544601_0,"{'lowerLim': '0.35', 'upperLim': '0.65'}"
115,Psychometric,False,1667565594544601_0,"{'lowerLim': '0.35', 'upperLim': '0.65'}"
116,Rand,True,None,"{'lowerLim': '0.35', 'upperLim': '0.35'}"
117,Rand,True,None,"{'lowerLim': '0.35', 'upperLim': '0.35'}"
118,Rand,True,None,"{'lowerLim': '0.35', 'upperLim': '0.35'}"
119,Rand,True,None,"{'lowerLim': '0.35', 'upperLim': '0.35'}"
120,Rand,True,None,"{'lowerLim': '0.35', 'upperLim': '0.35'}"
121,Rand,True,None,"{'lowerLim': '0.35', 'upperLim': '0.35'}"
122,Rand,True,None,"{'lowerLim': '0.35', 'upperLim': '0.35'}"
123,Rand,True,None,"{'lowerLim': '0.35', 'upperLim': '0.35'}"
124,Psychometric,False,1667565594544601_1,"{'lowerLim': '0.35', 'upperLim': '0.65'}"
125,Psychometric,False,1667565594544601_0,"{'lowerLim': '0.35', 'upperLim': '0.45'}"
126,Rand,True,None,"{'lowerLim': '0.35', 'upperLim': '0.35'}"
127,Psychometric,False,1667569989268750_1,"{'lowerLim': '0.35', 'upperLim': '0.55'}"
128,Rand,True,None,"{'lowerLim': '0.35', 'upperLim': '0.35'}"
129,Psychometric,True,1667569989268750_0,"{'lowerLim': '0.35', 'upperLim': '0.65'}"
130,Psychometric,True,1667565594544601_0,"{'lowerLim': '0.35', 'upperLim': '0.35'}"
131,Psychometric,False,1667565594544601_1,"{'lowerLim': '0.35', 'upperLim': '0.55'}"
132,Rand,True,None,"{'lowerLim': '0.35', 'upperLim': '0.35'}"
133,Rand,True,None,"{'lowerLim': '0.35', 'upperLim': '0.35'}"
134,Rand,True,None,"{'lowerLim': '0.35', 'upperLim': '0.35'}"
135,Rand,True,None,"{'lowerLim': '0.35', 'upperLim': '0.35'}"
136,Rand,True,None,"{'lowerLim': '0.35', 'upperLim': '0.35'}"
137,Psychometric,True,1667565594544601_0,"{'lowerLim': '0.35', 'upperLim': '0.45'}"
138,Rand,True,None,"{'lowerLim': '0.35', 'upperLim': '0.35'}"
139,Psychometric,True,1667569989268750_1,"{'lowerLim': '0.35', 'upperLim': '0.35'}"
140,Psychometric,True,1667569989268750_1,"{'lowerLim': '0.35', 'upperLim': '0.65'}"
141,Psychometric,False,1667565594544601_1,"{'lowerLim': '0.35', 'upperLim': '0.35'}"
142,Rand,True,None,"{'lowerLim': '0.35', 'upperLim': '0.35'}"
143,Rand,True,None,"{'lowerLim': '0.35', 'upperLim': '0.35'}"
144,Psychometric,True,1667569989268750_0,"{'lowerLim': '0.35', 'upperLim': '0.35'}"
145,Rand,True,None,"{'lowerLim': '0.35', 'upperLim': '0.35'}"
146,Psychometric,False,1667569989268750_0,"{'lowerLim': '0.35', 'upperLim': '0.35'}"
147,Rand,True,None,"{'lowerLim': '0.35', 'upperLim': '0.35'}"
148,Rand,True,None,"{'lowerLim': '0.35', 'upperLim': '0.35'}"
149,Psychometric,False,1667565594544601_0,"{'lowerLim': '0.35', 'upperLim': '0.45'}"
150,Psychometric,True,1667569989268750_1,"{'lowerLim': '0.35', 'upperLim': '0.45'}"
151,Psychometric,False,1667569989268750_1,"{'lowerLim': '0.35', 'upperLim': '0.45'}"
152,Psychometric,False,1667565594544601_1,"{'lowerLim': '0.35', 'upperLim': '0.75'}"
153,Psychometric,False,1667565594544601_0,"{'lowerLim': '0.35', 'upperLim': '0.35'}"
154,Psychometric,True,1667569989268750_1,"{'lowerLim': '0.35', 'upperLim': '0.35'}"
155,Rand,False,None,"{'lowerLim': '0.35', 'upperLim': '0.35'}"
156,Psychometric,False,1667565594544601_1,"{'lowerLim': '0.35', 'upperLim': '0.35'}"
157,Rand,True,None,"{'lowerLim': '0.35', 'upperLim': '0.35'}"
158,Rand,True,None,"{'lowerLim': '0.35', 'upperLim': '0.35'}"
159,Rand,True,None,"{'lowerLim': '0.35', 'upperLim': '0.35'}"
160,Psychometric,False,1667565594544601_1,"{'lowerLim': '0.35', 'upperLim': '0.65'}"
161,Rand,True,None,"{'lowerLim': '0.35', 'upperLim': '0.35'}"
162,Rand,False,None,"{'lowerLim': '0.35', 'upperLim': '0.35'}"
163,Psychometric,True,1667565594544601_1,"{'lowerLim': '0.35', 'upperLim': '0.65'}"
164,Psychometric,False,1667565594544601_1,"{'lowerLim': '0.35', 'upperLim': '0.45'}"
165,Rand,True,None,"{'lowerLim': '0.35', 'upperLim': '0.35'}"
166,Psychometric,False,1667565594544601_1,"{'lowerLim': '0.35', 'upperLim': '0.45'}"
167,Psychometric,True,1667565594544601_0,"{'lowerLim': '0.35', 'upperLim': '0.65'}"
168,Psychometric,True,1667569989268750_0,"{'lowerLim': '0.35', 'upperLim': '0.55'}"
169,Rand,True,None,"{'lowerLim': '0.35', 'upperLim': '0.35'}"
170,Psychometric,True,1667569989268750_1,"{'lowerLim': '0.35', 'upperLim': '0.55'}"
171,Rand,False,None,"{'lowerLim': '0.35', 'upperLim': '0.35'}"
172,Rand,True,None,"{'lowerLim': '0.35', 'upperLim': '0.35'}"
173,Rand,True,None,"{'lowerLim': '0.35', 'upperLim': '0.35'}"
174,Rand,False,None,"{'lowerLim': '0.35', 'upperLim': '0.35'}"
175,Psychometric,False,1667565594544601_0,"{'lowerLim': '0.35', 'upperLim': '0.55'}"
176,Rand,True,None,"{'lowerLim': '0.35', 'upperLim': '0.35'}"
177,Rand,True,None,"{'lowerLim': '0.35', 'upperLim': '0.35'}"
178,Rand,True,None,"{'lowerLim': '0.35', 'upperLim': '0.35'}"
179,Psychometric,True,1667565594544601_0,"{'lowerLim': '0.35', 'upperLim': '0.75'}"
180,Psychometric,True,1667569989268750_0,"{'lowerLim': '0.35', 'upperLim': '0.45'}"
181,Psychometric,True,1667569989268750_0,"{'lowerLim': '0.35', 'upperLim': '0.45'}"
182,Psychometric,True,1667569989268750_0,"{'lowerLim': '0.35', 'upperLim': '0.75'}"
183,Rand,True,None,"{'lowerLim': '0.35', 'upperLim': '0.35'}"
184,Rand,True,None,"{'lowerLim': '0.35', 'upperLim': '0.35'}"
185,Rand,True,None,"{'lowerLim': '0.35', 'upperLim': '0.35'}"
186,Psychometric,True,1667565594544601_0,"{'lowerLim': '0.35', 'upperLim': '0.75'}"
187,Rand,True,None,"{'lowerLim': '0.35', 'upperLim': '0.35'}"
188,Rand,True,None,"{'lowerLim': '0.35', 'upperLim': '0.35'}"
189,Psychometric,True,1667565594544601_1,"{'lowerLim': '0.35', 'upperLim': '0.35'}"
190,Rand,True,None,"{'lowerLim': '0.35', 'upperLim': '0.35'}"
191,Rand,True,None,"{'lowerLim': '0.35', 'upperLim': '0.35'}"
192,Rand,True,None,"{'lowerLim': '0.35', 'upperLim': '0.35'}"
193,Rand,False,None,"{'lowerLim': '0.35', 'upperLim': '0.35'}"
194,Rand,False,None,"{'lowerLim': '0.35', 'upperLim': '0.35'}"
195,Rand,True,None,"{'lowerLim': '0.35', 'upperLim': '0.35'}"
196,Psychometric,True,1667569989268750_1,"{'lowerLim': '0.35', 'upperLim': '0.35'}"
197,Psychometric,False,1667569989268750_0,"{'lowerLim': '0.35', 'upperLim': '0.35'}"
198,Rand,True,None,"{'lowerLim': '0.35', 'upperLim': '0.35'}"
199,Psychometric,True,1667569989268750_1,"{'lowerLim': '0.35', 'upperLim': '0.55'}"
200,Psychometric,False,1667569989268750_1,"{'lowerLim': '0.35', 'upperLim': '0.75'}"
201,Psychometric,True,1667569989268750_0,"{'lowerLim': '0.35', 'upperLim': '0.65'}"
202,Psychometric,True,1667565594544601_0,"{'lowerLim': '0.35', 'upperLim': '0.45'}"
203,Psychometric,True,1667565594544601_1,"{'lowerLim': '0.35', 'upperLim': '0.75'}"
204,Psychometric,True,1667569989268750_1,"{'lowerLim': '0.35', 'upperLim': '0.65'}"
205,Rand,True,None,"{'lowerLim': '0.35', 'upperLim': '0.35'}"
206,Psychometric,True,1667569989268750_0,"{'lowerLim': '0.35', 'upperLim': '0.55'}"
207,Psychometric,True,1667565594544601_1,"{'lowerLim': '0.35', 'upperLim': '0.55'}"
208,Psychometric,False,1667569989268750_1,"{'lowerLim': '0.35', 'upperLim': '0.65'}"
209,Rand,True,None,"{'lowerLim': '0.35', 'upperLim': '0.35'}"
210,Rand,True,None,"{'lowerLim': '0.35', 'upperLim': '0.35'}"
211,Rand,False,None,"{'lowerLim': '0.35', 'upperLim': '0.35'}"
212,Psychometric,True,1667569989268750_1,"{'lowerLim': '0.35', 'upperLim': '0.75'}"
213,Psychometric,True,1667569989268750_0,"{'lowerLim': '0.35', 'upperLim': '0.65'}"
214,Psychometric,True,1667565594544601_0,"{'lowerLim': '0.35', 'upperLim': '0.55'}"
215,Rand,True,None,"{'lowerLim': '0.35', 'upperLim': '0.35'}"
216,Rand,False,None,"{'lowerLim': '0.35', 'upperLim': '0.35'}"
217,Rand,False,None,"{'lowerLim': '0.35', 'upperLim': '0.35'}"
218,Rand,True,None,"{'lowerLim': '0.35', 'upperLim': '0.35'}"
219,Psychometric,False,1667569989268750_0,"{'lowerLim': '0.35', 'upperLim': '0.75'}"
220,Rand,False,None,"{'lowerLim': '0.35', 'upperLim': '0.35'}"
221,Rand,True,None,"{'lowerLim': '0.35', 'upperLim': '0.35'}"
222,Rand,True,None,"{'lowerLim': '0.35', 'upperLim': '0.35'}"
223,Psychometric,False,1667565594544601_0,"{'lowerLim': '0.35', 'upperLim': '0.35'}"
224,Rand,True,None,"{'lowerLim': '0.35', 'upperLim': '0.35'}"
225,Psychometric,False,1667569989268750_1,"{'lowerLim': '0.35', 'upperLim': '0.55'}"
226,Rand,True,None,"{'lowerLim': '0.35', 'upperLim': '0.35'}"
227,Psychometric,False,1667569989268750_1,"{'lowerLim': '0.35', 'upperLim': '0.75'}"
228,Psychometric,True,1667565594544601_0,"{'lowerLim': '0.35', 'upperLim': '0.45'}"
229,Psychometric,False,1667565594544601_0,"{'lowerLim': '0.35', 'upperLim': '0.75'}"
230,Rand,False,None,"{'lowerLim': '0.35', 'upperLim': '0.35'}"
231,Rand,True,None,"{'lowerLim': '0.35', 'upperLim': '0.35'}"
232,Psychometric,False,1667565594544601_0,"{'lowerLim': '0.35', 'upperLim': '0.35'}"
233,Psychometric,False,1667569989268750_1,"{'lowerLim': '0.35', 'upperLim': '0.45'}"
234,Rand,True,None,"{'lowerLim': '0.35', 'upperLim': '0.35'}"
235,Rand,True,None,"{'lowerLim': '0.35', 'upperLim': '0.35'}"
236,Rand,True,None,"{'lowerLim': '0.35', 'upperLim': '0.35'}"
237,Psychometric,False,1667565594544601_1,"{'lowerLim': '0.35', 'upperLim': '0.35'}"
238,Psychometric,False,1667565594544601_1,"{'lowerLim': '0.35', 'upperLim': '0.65'}"
239,Psychometric,False,1667565594544601_1,"{'lowerLim': '0.35', 'upperLim': '0.75'}"
240,Rand,True,None,"{'lowerLim': '0.35', 'upperLim': '0.35'}"
241,Rand,True,None,"{'lowerLim': '0.35', 'upperLim': '0.35'}"
242,Psychometric,True,1667565594544601_1,"{'lowerLim': '0.35', 'upperLim': '0.55'}"
243,Psychometric,True,1667565594544601_0,"{'lowerLim': '0.35', 'upperLim': '0.75'}"
244,Rand,True,None,"{'lowerLim': '0.35', 'upperLim': '0.35'}"
245,Rand,False,None,"{'lowerLim': '0.35', 'upperLim': '0.35'}"
246,Psychometric,True,1667569989268750_1,"{'lowerLim': '0.35', 'upperLim': '0.35'}"
247,Rand,False,None,"{'lowerLim': '0.35', 'upperLim': '0.35'}"
248,Rand,False,None,"{'lowerLim': '0.35', 'upperLim': '0.35'}"
249,Psychometric,True,1667565594544601_1,"{'lowerLim': '0.35', 'upperLim': '0.45'}"
250,Rand,True,None,"{'lowerLim': '0.35', 'upperLim': '0.35'}"
251,Psychometric,True,1667569989268750_0,"{'lowerLim': '0.35', 'upperLim': '0.45'}"
252,Rand,True,None,"{'lowerLim': '0.35', 'upperLim': '0.35'}"
253,Psychometric,True,1667569989268750_0,"{'lowerLim': '0.35', 'upperLim': '0.65'}"
254,Rand,True,None,"{'lowerLim': '0.35', 'upperLim': '0.35'}"
255,Psychometric,True,1667569989268750_1,"{'lowerLim': '0.35', 'upperLim': '0.35'}"
256,Psychometric,False,1667565594544601_1,"{'lowerLim': '0.35', 'upperLim': '0.45'}"
257,Rand,True,None,"{'lowerLim': '0.35', 'upperLim': '0.35'}"
258,Rand,False,None,"{'lowerLim': '0.35', 'upperLim': '0.35'}"
259,Psychometric,True,1667569989268750_0,"{'lowerLim': '0.35', 'upperLim': '0.65'}"
260,Psychometric,True,1667565594544601_1,"{'lowerLim': '0.35', 'upperLim': '0.65'}"
261,Rand,True,None,"{'lowerLim': '0.35', 'upperLim': '0.35'}"
262,Rand,True,None,"{'lowerLim': '0.35', 'upperLim': '0.35'}"
263,Rand,True,None,"{'lowerLim': '0.35', 'upperLim': '0.35'}"
264,Psychometric,True,1667569989268750_0,"{'lowerLim': '0.35', 'upperLim': '0.55'}"
265,Psychometric,False,1667565594544601_0,"{'lowerLim': '0.35', 'upperLim': '0.35'}"
266,Rand,False,None,"{'lowerLim': '0.35', 'upperLim': '0.35'}"
267,Psychometric,False,1667565594544601_1,"{'lowerLim': '0.35', 'upperLim': '0.55'}"
268,Psychometric,True,1667565594544601_0,"{'lowerLim': '0.35', 'upperLim': '0.35'}"
269,Psychometric,True,1667565594544601_0,"{'lowerLim': '0.35', 'upperLim': '0.75'}"
270,Rand,True,None,"{'lowerLim': '0.35', 'upperLim': '0.35'}"
271,Rand,True,None,"{'lowerLim': '0.35', 'upperLim': '0.35'}"
272,Psychometric,False,1667565594544601_1,"{'lowerLim': '0.35', 'upperLim': '0.65'}"
273,Psychometric,True,1667565594544601_0,"{'lowerLim': '0.35', 'upperLim': '0.65'}"
274,Rand,True,None,"{'lowerLim': '0.35', 'upperLim': '0.35'}"
275,Rand,True,None,"{'lowerLim': '0.35', 'upperLim': '0.35'}"
276,Psychometric,True,1667569989268750_0,"{'lowerLim': '0.35', 'upperLim': '0.75'}"
277,Psychometric,True,1667569989268750_0,"{'lowerLim': '0.35', 'upperLim': '0.35'}"
278,Rand,True,None,"{'lowerLim': '0.35', 'upperLim': '0.35'}"
279,Rand,False,None,"{'lowerLim': '0.35', 'upperLim': '0.35'}"
280,Psychometric,False,1667569989268750_1,"{'lowerLim': '0.35', 'upperLim': '0.75'}"
281,Rand,True,None,"{'lowerLim': '0.35', 'upperLim': '0.35'}"
282,Rand,False,None,"{'lowerLim': '0.35', 'upperLim': '0.35'}"
283,Rand,False,None,"{'lowerLim': '0.35', 'upperLim': '0.35'}"
284,Rand,False,None,"{'lowerLim': '0.35', 'upperLim': '0.35'}"
285,Psychometric,False,1667569989268750_1,"{'lowerLim': '0.35', 'upperLim': '0.45'}"
286,Rand,True,None,"{'lowerLim': '0.35', 'upperLim': '0.35'}"
287,Psychometric,True,1667565594544601_1,"{'lowerLim': '0.35', 'upperLim': '0.35'}"
288,Psychometric,False,1667565594544601_1,"{'lowerLim': '0.35', 'upperLim': '0.45'}"
289,Psychometric,True,1667569989268750_0,"{'lowerLim': '0.35', 'upperLim': '0.65'}"
290,Psychometric,True,1667565594544601_1,"{'lowerLim': '0.35', 'upperLim': '0.55'}"
291,Psychometric,True,1667569989268750_0,"{'lowerLim': '0.35', 'upperLim': '0.35'}"
292,Psychometric,False,1667569989268750_1,"{'lowerLim': '0.35', 'upperLim': '0.75'}"
293,Psychometric,False,1667569989268750_1,"{'lowerLim': '0.35', 'upperLim': '0.55'}"
294,Rand,True,None,"{'lowerLim': '0.35', 'upperLim': '0.35'}"
295,Psychometric,False,1667565594544601_1,"{'lowerLim': '0.35', 'upperLim': '0.75'}"
296,Rand,True,None,"{'lowerLim': '0.35', 'upperLim': '0.35'}"
297,Rand,True,None,"{'lowerLim': '0.35', 'upperLim': '0.35'}"
298,Rand,False,None,"{'lowerLim': '0.35', 'upperLim': '0.35'}"
299,Rand,True,None,"{'lowerLim': '0.35', 'upperLim': '0.35'}"
300,Rand,False,None,"{'lowerLim': '0.35', 'upperLim': '0.35'}"
301,Rand,True,None,"{'lowerLim': '0.35', 'upperLim': '0.35'}"
302,Psychometric,True,1667569989268750_0,"{'lowerLim': '0.35', 'upperLim': '0.55'}"
303,Rand,True,None,"{'lowerLim': '0.35', 'upperLim': '0.35'}"
304,Rand,True,None,"{'lowerLim': '0.35', 'upperLim': '0.35'}"
305,Psychometric,True,1667565594544601_1,"{'lowerLim': '0.35', 'upperLim': '0.35'}"
306,Rand,True,None,"{'lowerLim': '0.35', 'upperLim': '0.35'}"
307,Psychometric,False,1667569989268750_0,"{'lowerLim': '0.35', 'upperLim': '0.75'}"
308,Psychometric,False,1667569989268750_1,"{'lowerLim': '0.35', 'upperLim': '0.55'}"
309,Rand,True,None,"{'lowerLim': '0.35', 'upperLim': '0.35'}"
310,Psychometric,False,1667565594544601_1,"{'lowerLim': '0.35', 'upperLim': '0.75'}"
311,Psychometric,False,1667569989268750_1,"{'lowerLim': '0.35', 'upperLim': '0.35'}"
312,Psychometric,False,1667569989268750_0,"{'lowerLim': '0.35', 'upperLim': '0.35'}"
313,Psychometric,False,1667565594544601_1,"{'lowerLim': '0.35', 'upperLim': '0.65'}"
314,Rand,True,None,"{'lowerLim': '0.35', 'upperLim': '0.35'}"
315,Rand,True,None,"{'lowerLim': '0.35', 'upperLim': '0.35'}"
316,Rand,True,None,"{'lowerLim': '0.35', 'upperLim': '0.35'}"
317,Psychometric,True,1667569989268750_0,"{'lowerLim': '0.35', 'upperLim': '0.65'}"
318,Psychometric,True,1667565594544601_0,"{'lowerLim': '0.35', 'upperLim': '0.55'}"
319,Psychometric,True,1667569989268750_1,"{'lowerLim': '0.35', 'upperLim': '0.65'}"
320,Psychometric,True,1667569989268750_1,"{'lowerLim': '0.35', 'upperLim': '0.55'}"
321,Psychometric,True,1667569989268750_0,"{'lowerLim': '0.35', 'upperLim': '0.55'}"
322,Rand,False,None,"{'lowerLim': '0.35', 'upperLim': '0.35'}"
323,Psychometric,True,1667565594544601_0,"{'lowerLim': '0.35', 'upperLim': '0.75'}"
324,Rand,False,None,"{'lowerLim': '0.35', 'upperLim': '0.35'}"
325,Psychometric,False,1667565594544601_0,"{'lowerLim': '0.35', 'upperLim': '0.65'}"
326,Psychometric,False,1667565594544601_1,"{'lowerLim': '0.35', 'upperLim': '0.65'}"
327,Psychometric,True,1667569989268750_0,"{'lowerLim': '0.35', 'upperLim': '0.45'}"
328,Rand,True,None,"{'lowerLim': '0.35', 'upperLim': '0.35'}"
329,Psychometric,False,1667565594544601_1,"{'lowerLim': '0.35', 'upperLim': '0.55'}"
330,Psychometric,False,1667569989268750_1,"{'lowerLim': '0.35', 'upperLim': '0.45'}"
331,Psychometric,False,1667565594544601_0,"{'lowerLim': '0.35', 'upperLim': '0.35'}"
332,Rand,True,None,"{'lowerLim': '0.35', 'upperLim': '0.35'}"
333,Psychometric,True,1667569989268750_0,"{'lowerLim': '0.35', 'upperLim': '0.75'}"
334,Psychometric,False,1667569989268750_1,"{'lowerLim': '0.35', 'upperLim': '0.75'}"
335,Psychometric,True,1667569989268750_0,"{'lowerLim': '0.35', 'upperLim': '0.65'}"
336,Psychometric,True,1667565594544601_0,"{'lowerLim': '0.35', 'upperLim': '0.55'}"
337,Psychometric,False,1667569989268750_1,"{'lowerLim': '0.35', 'upperLim': '0.45'}"
338,Psychometric,False,1667565594544601_1,"{'lowerLim': '0.35', 'upperLim': '0.45'}"
339,Rand,True,None,"{'lowerLim': '0.35', 'upperLim': '0.35'}"
340,Psychometric,False,1667569989268750_1,"{'lowerLim': '0.35', 'upperLim': '0.65'}"
341,Psychometric,True,1667565594544601_1,"{'lowerLim': '0.35', 'upperLim': '0.45'}"
342,Psychometric,True,1667565594544601_1,"{'lowerLim': '0.35', 'upperLim': '0.35'}"
343,Psychometric,False,1667569989268750_1,"{'lowerLim': '0.35', 'upperLim': '0.35'}"
344,Psychometric,False,1667569989268750_1,"{'lowerLim': '0.35', 'upperLim': '0.35'}"
345,Rand,True,None,"{'lowerLim': '0.35', 'upperLim': '0.35'}"
346,Psychometric,False,1667565594544601_1,"{'lowerLim': '0.35', 'upperLim': '0.75'}"
347,Rand,False,None,"{'lowerLim': '0.35', 'upperLim': '0.35'}"
348,Psychometric,True,1667569989268750_0,"{'lowerLim': '0.35', 'upperLim': '0.45'}"
349,Psychometric,True,1667565594544601_0,"{'lowerLim': '0.35', 'upperLim': '0.45'}"
350,Psychometric,False,1667565594544601_0,"{'lowerLim': '0.35', 'upperLim': '0.75'}"
351,Psychometric,True,1667569989268750_0,"{'lowerLim': '0.35', 'upperLim': '0.45'}"
352,Psychometric,True,1667565594544601_0,"{'lowerLim': '0.35', 'upperLim': '0.45'}"
353,Psychometric,False,1667565594544601_0,"{'lowerLim': '0.35', 'upperLim': '0.45'}"
354,Psychometric,True,1667569989268750_0,"{'lowerLim': '0.35', 'upperLim': '0.75'}"
355,Psychometric,False,1667569989268750_1,"{'lowerLim': '0.35', 'upperLim': '0.35'}"
356,Psychometric,True,1667569989268750_0,"{'lowerLim': '0.35', 'upperLim': '0.75'}"
357,Rand,True,None,"{'lowerLim': '0.35', 'upperLim': '0.35'}"
358,Rand,True,None,"{'lowerLim': '0.35', 'upperLim': '0.35'}"
359,Psychometric,False,1667569989268750_0,"{'lowerLim': '0.35', 'upperLim': '0.55'}"
360,Psychometric,False,1667565594544601_0,"{'lowerLim': '0.35', 'upperLim': '0.65'}"
361,Psychometric,False,1667565594544601_1,"{'lowerLim': '0.35', 'upperLim': '0.65'}"
362,Psychometric,True,1667565594544601_1,"{'lowerLim': '0.35', 'upperLim': '0.55'}"
363,Psychometric,False,1667569989268750_0,"{'lowerLim': '0.35', 'upperLim': '0.65'}"
364,Psychometric,True,1667565594544601_0,"{'lowerLim': '0.35', 'upperLim': '0.65'}"
365,Psychometric,False,1667569989268750_0,"{'lowerLim': '0.35', 'upperLim': '0.45'}"
366,Rand,True,None,"{'lowerLim': '0.35', 'upperLim': '0.35'}"
367,Psychometric,True,1667565594544601_0,"{'lowerLim': '0.35', 'upperLim': '0.45'}"
368,Psychometric,False,1667569989268750_1,"{'lowerLim': '0.35', 'upperLim': '0.45'}"
369,Psychometric,True,1667569989268750_0,"{'lowerLim': '0.35', 'upperLim': '0.35'}"
370,Psychometric,False,1667569989268750_0,"{'lowerLim': '0.35', 'upperLim': '0.45'}"
371,Rand,True,None,"{'lowerLim': '0.35', 'upperLim': '0.35'}"
372,Rand,True,None,"{'lowerLim': '0.35', 'upperLim': '0.35'}"
373,Rand,True,None,"{'lowerLim': '0.35', 'upperLim': '0.35'}"
374,Rand,True,None,"{'lowerLim': '0.35', 'upperLim': '0.35'}"
375,Rand,True,None,"{'lowerLim': '0.35', 'upperLim': '0.35'}"
376,Rand,True,None,"{'lowerLim': '0.35', 'upperLim': '0.35'}"
377,Psychometric,True,1667565594544601_0,"{'lowerLim': '0.35', 'upperLim': '0.55'}"
378,Psychometric,True,1667569989268750_0,"{'lowerLim': '0.35', 'upperLim': '0.35'}"
379,Psychometric,True,1667569989268750_0,"{'lowerLim': '0.35', 'upperLim': '0.75'}"
380,Psychometric,True,1667569989268750_1,"{'lowerLim': '0.35', 'upperLim': '0.65'}"
381,Psychometric,False,1667565594544601_1,"{'lowerLim': '0.35', 'upperLim': '0.55'}"
382,Psychometric,True,1667569989268750_0,"{'lowerLim': '0.35', 'upperLim': '0.35'}"
383,Psychometric,False,1667569989268750_1,"{'lowerLim': '0.35', 'upperLim': '0.75'}"
384,Psychometric,False,1667565594544601_1,"{'lowerLim': '0.35', 'upperLim': '0.35'}"
385,Psychometric,True,1667569989268750_1,"{'lowerLim': '0.35', 'upperLim': '0.75'}"
386,Rand,True,None,"{'lowerLim': '0.35', 'upperLim': '0.35'}"
387,Psychometric,False,1667569989268750_1,"{'lowerLim': '0.35', 'upperLim': '0.65'}"
388,Psychometric,False,1667569989268750_1,"{'lowerLim': '0.35', 'upperLim': '0.45'}"
389,Psychometric,False,1667569989268750_1,"{'lowerLim': '0.35', 'upperLim': '0.55'}"
390,Psychometric,True,1667565594544601_1,"{'lowerLim': '0.35', 'upperLim': '0.35'}"
391,Rand,True,None,"{'lowerLim': '0.35', 'upperLim': '0.35'}"
392,Psychometric,True,1667565594544601_1,"{'lowerLim': '0.35', 'upperLim': '0.75'}"
393,Psychometric,False,1667565594544601_1,"{'lowerLim': '0.35', 'upperLim': '0.75'}"
394,Psychometric,False,1667565594544601_0,"{'lowerLim': '0.35', 'upperLim': '0.55'}"
395,Psychometric,False,1667565594544601_0,"{'lowerLim': '0.35', 'upperLim': '0.45'}"
396,Psychometric,True,1667565594544601_0,"{'lowerLim': '0.35', 'upperLim': '0.75'}"
397,Psychometric,False,1667565594544601_0,"{'lowerLim': '0.35', 'upperLim': '0.65'}"
398,Psychometric,True,1667565594544601_0,"{'lowerLim': '0.35', 'upperLim': '0.75'}"
399,Rand,False,None,"{'lowerLim': '0.35', 'upperLim': '0.35'}"
400,Rand,True,None,"{'lowerLim': '0.35', 'upperLim': '0.35'}"
401,Rand,True,None,"{'lowerLim': '0.35', 'upperLim': '0.35'}"
402,Psychometric,True,1667565594544601_0,"{'lowerLim': '0.35', 'upperLim': '0.35'}"
403,Psychometric,False,1667565594544601_0,"{'lowerLim': '0.35', 'upperLim': '0.65'}"
404,Psychometric,False,1667565594544601_1,"{'lowerLim': '0.35', 'upperLim': '0.45'}"
405,Psychometric,True,1667569989268750_1,"{'lowerLim': '0.35', 'upperLim': '0.55'}"
406,Psychometric,True,1667569989268750_0,"{'lowerLim': '0.35', 'upperLim': '0.75'}"
407,Psychometric,True,1667569989268750_0,"{'lowerLim': '0.35', 'upperLim': '0.65'}"
408,Psychometric,True,1667565594544601_0,"{'lowerLim': '0.35', 'upperLim': '0.65'}"
409,Psychometric,False,1667565594544601_1,"{'lowerLim': '0.35', 'upperLim': '0.75'}"
410,Psychometric,False,1667565594544601_0,"{'lowerLim': '0.35', 'upperLim': '0.35'}"
411,Psychometric,False,1667565594544601_0,"{'lowerLim': '0.35', 'upperLim': '0.45'}"
412,Psychometric,True,1667565594544601_1,"{'lowerLim': '0.35', 'upperLim': '0.75'}"
413,Rand,True,None,"{'lowerLim': '0.35', 'upperLim': '0.35'}"
414,Psychometric,True,1667569989268750_0,"{'lowerLim': '0.35', 'upperLim': '0.45'}"
415,Psychometric,True,1667569989268750_0,"{'lowerLim': '0.35', 'upperLim': '0.35'}"
416,Psychometric,False,1667569989268750_0,"{'lowerLim': '0.35', 'upperLim': '0.75'}"
417,Psychometric,True,1667569989268750_1,"{'lowerLim': '0.35', 'upperLim': '0.45'}"
418,Rand,True,None,"{'lowerLim': '0.35', 'upperLim': '0.35'}"
419,Rand,False,None,"{'lowerLim': '0.35', 'upperLim': '0.35'}"
420,Psychometric,False,1667565594544601_1,"{'lowerLim': '0.35', 'upperLim': '0.55'}"
421,Rand,True,None,"{'lowerLim': '0.35', 'upperLim': '0.35'}"
422,Rand,False,None,"{'lowerLim': '0.35', 'upperLim': '0.35'}"
423,Psychometric,False,1667565594544601_1,"{'lowerLim': '0.35', 'upperLim': '0.45'}"
424,Rand,True,None,"{'lowerLim': '0.35', 'upperLim': '0.35'}"
425,Psychometric,False,1667565594544601_0,"{'lowerLim': '0.35', 'upperLim': '0.55'}"
426,Psychometric,True,1667565594544601_1,"{'lowerLim': '0.35', 'upperLim': '0.35'}"
427,Rand,True,None,"{'lowerLim': '0.35', 'upperLim': '0.35'}"
428,Rand,True,None,"{'lowerLim': '0.35', 'upperLim': '0.35'}"
429,Rand,False,None,"{'lowerLim': '0.35', 'upperLim': '0.35'}"
430,Psychometric,False,1667565594544601_0,"{'lowerLim': '0.35', 'upperLim': '0.55'}"
431,Rand,True,None,"{'lowerLim': '0.35', 'upperLim': '0.35'}"
432,Psychometric,False,1667565594544601_1,"{'lowerLim': '0.35', 'upperLim': '0.65'}"
433,Psychometric,False,1667569989268750_1,"{'lowerLim': '0.35', 'upperLim': '0.65'}"
434,Psychometric,True,1667569989268750_1,"{'lowerLim': '0.35', 'upperLim': '0.65'}"
435,Psychometric,False,1667569989268750_1,"{'lowerLim': '0.35', 'upperLim': '0.45'}"
436,Rand,True,None,"{'lowerLim': '0.35', 'upperLim': '0.35'}"
437,Psychometric,True,1667565594544601_1,"{'lowerLim': '0.35', 'upperLim': '0.55'}"
438,Rand,True,None,"{'lowerLim': '0.35', 'upperLim': '0.35'}"
439,Psychometric,True,1667569989268750_1,"{'lowerLim': '0.35', 'upperLim': '0.35'}"
440,Psychometric,True,1667569989268750_0,"{'lowerLim': '0.35', 'upperLim': '0.45'}"
441,Psychometric,True,1667569989268750_1,"{'lowerLim': '0.35', 'upperLim': '0.55'}"
442,Rand,False,None,"{'lowerLim': '0.35', 'upperLim': '0.35'}"
443,Psychometric,True,1667569989268750_0,"{'lowerLim': '0.35', 'upperLim': '0.55'}"
444,Rand,True,None,"{'lowerLim': '0.35', 'upperLim': '0.35'}"
445,Rand,True,None,"{'lowerLim': '0.35', 'upperLim': '0.35'}"
446,Psychometric,False,1667565594544601_0,"{'lowerLim': '0.35', 'upperLim': '0.45'}"
447,Rand,False,None,"{'lowerLim': '0.35', 'upperLim': '0.35'}"
448,Psychometric,True,1667569989268750_0,"{'lowerLim': '0.35', 'upperLim': '0.55'}"
449,Psychometric,False,1667565594544601_1,"{'lowerLim': '0.35', 'upperLim': '0.65'}"
450,Psychometric,False,1667565594544601_0,"{'lowerLim': '0.35', 'upperLim': '0.55'}"
451,Psychometric,False,1667565594544601_0,"{'lowerLim': '0.35', 'upperLim': '0.75'}"
452,Psychometric,False,1667569989268750_1,"{'lowerLim': '0.35', 'upperLim': '0.75'}"
453,Rand,False,None,"{'lowerLim': '0.35', 'upperLim': '0.35'}"
454,Rand,False,None,"{'lowerLim': '0.35', 'upperLim': '0.35'}"
455,Rand,False,None,"{'lowerLim': '0.35', 'upperLim': '0.35'}"
456,Psychometric,False,1667565594544601_0,"{'lowerLim': '0.35', 'upperLim': '0.75'}"
457,Psychometric,True,1667569989268750_0,"{'lowerLim': '0.35', 'upperLim': '0.65'}"
458,Rand,True,None,"{'lowerLim': '0.35', 'upperLim': '0.35'}"
459,Rand,True,None,"{'lowerLim': '0.35', 'upperLim': '0.35'}"
460,Rand,True,None,"{'lowerLim': '0.35', 'upperLim': '0.35'}"
461,Rand,False,None,"{'lowerLim': '0.35', 'upperLim': '0.35'}"
462,Rand,True,None,"{'lowerLim': '0.35', 'upperLim': '0.35'}"
463,Rand,True,None,"{'lowerLim': '0.35', 'upperLim': '0.35'}"
464,Psychometric,False,1667569989268750_1,"{'lowerLim': '0.35', 'upperLim': '0.45'}"
465,Psychometric,False,1667565594544601_1,"{'lowerLim': '0.35', 'upperLim': '0.75'}"
466,Psychometric,True,1667569989268750_0,"{'lowerLim': '0.35', 'upperLim': '0.55'}"
467,Psychometric,False,1667565594544601_1,"{'lowerLim': '0.35', 'upperLim': '0.35'}"
468,Psychometric,True,1667565594544601_0,"{'lowerLim': '0.35', 'upperLim': '0.35'}"
469,Psychometric,True,1667565594544601_1,"{'lowerLim': '0.35', 'upperLim': '0.35'}"
470,Psychometric,True,1667569989268750_0,"{'lowerLim': '0.35', 'upperLim': '0.65'}"
471,Psychometric,False,1667569989268750_1,"{'lowerLim': '0.35', 'upperLim': '0.45'}"
472,Psychometric,False,1667569989268750_0,"{'lowerLim': '0.35', 'upperLim': '0.45'}"
473,Psychometric,False,1667565594544601_0,"{'lowerLim': '0.35', 'upperLim': '0.35'}"
474,Psychometric,True,1667569989268750_0,"{'lowerLim': '0.35', 'upperLim': '0.55'}"
475,Psychometric,False,1667565594544601_0,"{'lowerLim': '0.35', 'upperLim': '0.55'}"
476,Psychometric,True,1667569989268750_0,"{'lowerLim': '0.35', 'upperLim': '0.35'}"
477,Psychometric,False,1667565594544601_1,"{'lowerLim': '0.35', 'upperLim': '0.65'}"
478,Psychometric,False,1667565594544601_0,"{'lowerLim': '0.35', 'upperLim': '0.75'}"
479,Psychometric,False,1667565594544601_1,"{'lowerLim': '0.35', 'upperLim': '0.45'}"
480,Psychometric,True,1667569989268750_0,"{'lowerLim': '0.35', 'upperLim': '0.75'}"
481,Psychometric,False,1667565594544601_0,"{'lowerLim': '0.35', 'upperLim': '0.75'}"
482,Psychometric,True,1667565594544601_0,"{'lowerLim': '0.35', 'upperLim': '0.65'}"
483,Psychometric,False,1667565594544601_0,"{'lowerLim': '0.35', 'upperLim': '0.55'}"
484,Psychometric,False,1667569989268750_1,"{'lowerLim': '0.35', 'upperLim': '0.55'}"
485,Psychometric,True,1667569989268750_0,"{'lowerLim': '0.35', 'upperLim': '0.75'}"
486,Psychometric,False,1667569989268750_1,"{'lowerLim': '0.35', 'upperLim': '0.65'}"
487,Psychometric,True,1667569989268750_0,"{'lowerLim': '0.0', 'upperLim': '0.0'}"
488,Psychometric,True,1667569989268750_0,"{'lowerLim': '0.0', 'upperLim': '0.0'}"
489,Psychometric,False,1667569989268750_1,"{'lowerLim': '0.0', 'upperLim': '0.0'}"
490,Psychometric,False,1667569989268750_0,"{'lowerLim': '0.0', 'upperLim': '0.0'}"
491,Psychometric,False,1667569989268750_1,"{'lowerLim': '0.0', 'upperLim': '0.0'}"
492,Psychometric,True,1667565594544601_0,"{'lowerLim': '0.0', 'upperLim': '0.0'}"
493,Psychometric,True,1667565594544601_0,"{'lowerLim': '0.0', 'upperLim': '0.0'}"
494,Psychometric,True,1667565594544601_1,"{'lowerLim': '0.0', 'upperLim': '0.0'}"
495,Psychometric,True,1667565594544601_0,"{'lowerLim': '0.0', 'upperLim': '0.0'}"
496,Psychometric,True,1667569989268750_0,"{'lowerLim': '0.0', 'upperLim': '0.0'}"
497,Psychometric,False,1667569989268750_1,"{'lowerLim': '0.0', 'upperLim': '0.0'}"
498,Psychometric,True,1667569989268750_0,"{'lowerLim': '0.0', 'upperLim': '0.0'}"
499,Psychometric,True,1667565594544601_1,"{'lowerLim': '0.0', 'upperLim': '0.0'}"
500,Psychometric,False,1667565594544601_0,"{'lowerLim': '0.0', 'upperLim': '0.0'}"
501,Psychometric,False,1667569989268750_1,"{'lowerLim': '0.0', 'upperLim': '0.0'}"
502,Psychometric,False,1667569989268750_1,"{'lowerLim': '0.0', 'upperLim': '0.0'}"
503,Psychometric,False,1667569989268750_1,"{'lowerLim': '0.0', 'upperLim': '0.0'}"
504,Psychometric,False,1667569989268750_1,"{'lowerLim': '0.0', 'upperLim': '0.0'}"
505,Psychometric,True,1667569989268750_1,"{'lowerLim': '0.0', 'upperLim': '0.0'}"
506,Psychometric,True,1667569989268750_0,"{'lowerLim': '0.0', 'upperLim': '0.0'}"
507,Psychometric,True,1667569989268750_0,"{'lowerLim': '0.0', 'upperLim': '0.0'}"
508,Psychometric,False,1667569989268750_0,"{'lowerLim': '0.0', 'upperLim': '0.0'}"
509,Psychometric,False,1667569989268750_0,"{'lowerLim': '0.0', 'upperLim': '0.0'}"
510,Psychometric,True,1667569989268750_1,"{'lowerLim': '0.0', 'upperLim': '0.0'}"
511,Psychometric,True,1667569989268750_1,"{'lowerLim': '0.0', 'upperLim': '0.0'}"
512,Psychometric,False,1667569989268750_1,"{'lowerLim': '0.0', 'upperLim': '0.0'}"
513,Psychometric,False,1667569989268750_1,"{'lowerLim': '0.0', 'upperLim': '0.0'}"
514,Psychometric,False,1667577493100996_1,"{'lowerLim': '0.0', 'upperLim': '0.0'}"
515,Psychometric,False,1667577489291236_1,"{'lowerLim': '0.0', 'upperLim': '0.0'}"
516,Psychometric,False,1667577493100996_0,"{'lowerLim': '0.0', 'upperLim': '0.0'}"
517,Psychometric,True,1667577485864219_0,"{'lowerLim': '0.0', 'upperLim': '0.0'}"
518,Psychometric,True,1667577485864219_0,"{'lowerLim': '0.0', 'upperLim': '0.0'}"
519,Psychometric,False,1667577485864219_1,"{'lowerLim': '0.0', 'upperLim': '0.0'}"
520,Psychometric,False,1667577493100996_1,"{'lowerLim': '0.0', 'upperLim': '0.0'}"
521,Psychometric,False,1667577485864219_1,"{'lowerLim': '0.0', 'upperLim': '0.0'}"
522,Psychometric,True,1667577489291236_0,"{'lowerLim': '0.0', 'upperLim': '0.0'}"
523,Psychometric,False,1667577493100996_1,"{'lowerLim': '0.0', 'upperLim': '0.0'}"
524,Psychometric,True,1667577489291236_0,"{'lowerLim': '0.0', 'upperLim': '0.0'}"
525,Psychometric,False,1667577489291236_1,"{'lowerLim': '0.0', 'upperLim': '0.0'}"
526,Psychometric,False,1667577485864219_1,"{'lowerLim': '0.0', 'upperLim': '0.0'}"
527,Rand,False,None,"{'lowerLim': '0.35', 'upperLim': '0.35'}"
528,Rand,True,None,"{'lowerLim': '0.35', 'upperLim': '0.35'}"
529,Rand,False,None,"{'lowerLim': '0.35', 'upperLim': '0.35'}"
530,Rand,False,None,"{'lowerLim': '0.35', 'upperLim': '0.35'}"
531,Rand,True,None,"{'lowerLim': '0.35', 'upperLim': '0.35'}"
532,Rand,False,None,"{'lowerLim': '0.35', 'upperLim': '0.35'}"
533,Rand,True,None,"{'lowerLim': '0.35', 'upperLim': '0.35'}"
534,Rand,False,None,"{'lowerLim': '0.35', 'upperLim': '0.35'}"
535,Rand,False,None,"{'lowerLim': '0.35', 'upperLim': '0.35'}"
536,Rand,True,None,"{'lowerLim': '0.35', 'upperLim': '0.35'}"
537,Rand,True,None,"{'lowerLim': '0.35', 'upperLim': '0.35'}"
538,Rand,False,None,"{'lowerLim': '0.35', 'upperLim': '0.35'}"
539,Rand,False,None,"{'lowerLim': '0.35', 'upperLim': '0.35'}"
540,Rand,True,None,"{'lowerLim': '0.35', 'upperLim': '0.35'}"
541,Rand,True,None,"{'lowerLim': '0.35', 'upperLim': '0.35'}"
542,Rand,True,None,"{'lowerLim': '0.35', 'upperLim': '0.35'}"
543,Rand,False,None,"{'lowerLim': '0.35', 'upperLim': '0.35'}"
544,Rand,True,None,"{'lowerLim': '0.35', 'upperLim': '0.35'}"
545,Rand,True,None,"{'lowerLim': '0.35', 'upperLim': '0.35'}"
546,Rand,True,None,"{'lowerLim': '0.35', 'upperLim': '0.35'}"
547,Rand,False,None,"{'lowerLim': '0.35', 'upperLim': '0.35'}"
548,Rand,False,None,"{'lowerLim': '0.35', 'upperLim': '0.35'}"
549,Rand,True,None,"{'lowerLim': '0.35', 'upperLim': '0.35'}"
550,Rand,False,None,"{'lowerLim': '0.35', 'upperLim': '0.35'}"
551,Rand,False,None,"{'lowerLim': '0.35', 'upperLim': '0.35'}"
552,Rand,True,None,"{'lowerLim': '0.35', 'upperLim': '0.35'}"
553,Rand,False,None,"{'lowerLim': '0.35', 'upperLim': '0.35'}"
554,Rand,False,None,"{'lowerLim': '0.35', 'upperLim': '0.35'}"
555,Rand,False,None,"{'lowerLim': '0.35', 'upperLim': '0.35'}"
556,Rand,True,None,"{'lowerLim': '0.35', 'upperLim': '0.35'}"
557,Rand,True,None,"{'lowerLim': '0.35', 'upperLim': '0.35'}"
558,Rand,False,None,"{'lowerLim': '0.35', 'upperLim': '0.35'}"
559,Rand,True,None,"{'lowerLim': '0.35', 'upperLim': '0.35'}"
560,Rand,True,None,"{'lowerLim': '0.35', 'upperLim': '0.35'}"
561,Rand,True,None,"{'lowerLim': '0.35', 'upperLim': '0.35'}"
562,Rand,True,None,"{'lowerLim': '0.35', 'upperLim': '0.35'}"
563,Rand,False,None,"{'lowerLim': '0.35', 'upperLim': '0.35'}"
564,Rand,True,None,"{'lowerLim': '0.35', 'upperLim': '0.35'}"
565,Rand,False,None,"{'lowerLim': '0.35', 'upperLim': '0.35'}"
566,Rand,False,None,"{'lowerLim': '0.35', 'upperLim': '0.35'}"
567,Rand,True,None,"{'lowerLim': '0.35', 'upperLim': '0.35'}"
568,Rand,True,None,"{'lowerLim': '0.35', 'upperLim': '0.35'}"
569,Rand,True,None,"{'lowerLim': '0.35', 'upperLim': '0.35'}"
570,Rand,True,None,"{'lowerLim': '0.35', 'upperLim': '0.35'}"
571,Rand,True,None,"{'lowerLim': '0.35', 'upperLim': '0.35'}"
572,Rand,False,None,"{'lowerLim': '0.35', 'upperLim': '0.35'}"
573,Rand,True,None,"{'lowerLim': '0.35', 'upperLim': '0.35'}"
574,Rand,False,None,"{'lowerLim': '0.35', 'upperLim': '0.35'}"
575,Rand,True,None,"{'lowerLim': '0.35', 'upperLim': '0.35'}"
576,Rand,True,None,"{'lowerLim': '0.35', 'upperLim': '0.35'}"
577,Rand,True,None,"{'lowerLim': '0.35', 'upperLim': '0.35'}"
578,Rand,True,None,"{'lowerLim': '0.35', 'upperLim': '0.35'}"
579,Rand,True,None,"{'lowerLim': '0.35', 'upperLim': '0.35'}"
580,Rand,True,None,"{'lowerLim': '0.35', 'upperLim': '0.35'}"
581,Rand,True,None,"{'lowerLim': '0.35', 'upperLim': '0.35'}"
582,Rand,False,None,"{'lowerLim': '0.35', 'upperLim': '0.35'}"
583,Rand,True,None,"{'lowerLim': '0.35', 'upperLim': '0.35'}"
584,Rand,True,None,"{'lowerLim': '0.35', 'upperLim': '0.35'}"
585,Rand,False,None,"{'lowerLim': '0.35', 'upperLim': '0.35'}"
586,Rand,False,None,"{'lowerLim': '0.35', 'upperLim': '0.35'}"
587,Rand,True,None,"{'lowerLim': '0.35', 'upperLim': '0.35'}"
588,Rand,True,None,"{'lowerLim': '0.35', 'upperLim': '0.35'}"
589,Rand,True,None,"{'lowerLim': '0.35', 'upperLim': '0.35'}"
590,Rand,True,None,"{'lowerLim': '0.35', 'upperLim': '0.35'}"
591,Rand,True,None,"{'lowerLim': '0.35', 'upperLim': '0.35'}"
592,Rand,True,None,"{'lowerLim': '0.35', 'upperLim': '0.35'}"
593,Rand,True,None,"{'lowerLim': '0.35', 'upperLim': '0.35'}"
594,Rand,True,None,"{'lowerLim': '0.35', 'upperLim': '0.35'}"
595,Rand,False,None,"{'lowerLim': '0.35', 'upperLim': '0.35'}"
596,Rand,True,None,"{'lowerLim': '0.35', 'upperLim': '0.35'}"
597,Rand,True,None,"{'lowerLim': '0.35', 'upperLim': '0.35'}"
598,Rand,True,None,"{'lowerLim': '0.35', 'upperLim': '0.35'}"
599,Rand,True,None,"{'lowerLim': '0.35', 'upperLim': '0.35'}"
600,Rand,False,None,"{'lowerLim': '0.35', 'upperLim': '0.35'}"
601,Rand,True,None,"{'lowerLim': '0.35', 'upperLim': '0.35'}"
602,Rand,True,None,"{'lowerLim': '0.35', 'upperLim': '0.35'}"
603,Rand,False,None,"{'lowerLim': '0.35', 'upperLim': '0.35'}"
604,Rand,False,None,"{'lowerLim': '0.35', 'upperLim': '0.35'}"
605,Rand,False,None,"{'lowerLim': '0.35', 'upperLim': '0.35'}"
606,Rand,True,None,"{'lowerLim': '0.35', 'upperLim': '0.35'}"
607,Rand,False,None,"{'lowerLim': '0.35', 'upperLim': '0.35'}"
608,Rand,False,None,"{'lowerLim': '0.35', 'upperLim': '0.35'}"
609,Rand,True,None,"{'lowerLim': '0.35', 'upperLim': '0.35'}"
610,Rand,False,None,"{'lowerLim': '0.35', 'upperLim': '0.35'}"
611,Rand,True,None,"{'lowerLim': '0.35', 'upperLim': '0.35'}"
612,Rand,False,None,"{'lowerLim': '0.35', 'upperLim': '0.35'}"
613,Rand,False,None,"{'lowerLim': '0.35', 'upperLim': '0.35'}"
614,Rand,True,None,"{'lowerLim': '0.35', 'upperLim': '0.35'}"
615,Rand,True,None,"{'lowerLim': '0.35', 'upperLim': '0.35'}"
616,Rand,False,None,"{'lowerLim': '0.35', 'upperLim': '0.35'}"
617,Rand,True,None,"{'lowerLim': '0.35', 'upperLim': '0.35'}"
618,Rand,True,None,"{'lowerLim': '0.35', 'upperLim': '0.35'}"
619,Rand,True,None,"{'lowerLim': '0.35', 'upperLim': '0.35'}"
620,Rand,False,None,"{'lowerLim': '0.35', 'upperLim': '0.35'}"
621,Rand,True,None,"{'lowerLim': '0.35', 'upperLim': '0.35'}"
622,Rand,False,None,"{'lowerLim': '0.35', 'upperLim': '0.35'}"
623,Rand,False,None,"{'lowerLim': '0.35', 'upperLim': '0.35'}"
624,Rand,True,None,"{'lowerLim': '0.35', 'upperLim': '0.35'}"
625,Rand,False,None,"{'lowerLim': '0.35', 'upperLim': '0.35'}"
626,Rand,False,None,"{'lowerLim': '0.35', 'upperLim': '0.35'}"
627,Rand,True,None,"{'lowerLim': '0.35', 'upperLim': '0.35'}"
628,Rand,True,None,"{'lowerLim': '0.35', 'upperLim': '0.35'}"
629,Rand,True,None,"{'lowerLim': '0.35', 'upperLim': '0.35'}"
630,Rand,True,None,"{'lowerLim': '0.35', 'upperLim': '0.35'}"
631,Rand,True,None,"{'lowerLim': '0.35', 'upperLim': '0.35'}"
632,Rand,False,None,"{'lowerLim': '0.35', 'upperLim': '0.35'}"
633,Rand,False,None,"{'lowerLim': '0.35', 'upperLim': '0.35'}"
634,Rand,True,None,"{'lowerLim': '0.35', 'upperLim': '0.35'}"
635,Rand,True,None,"{'lowerLim': '0.35', 'upperLim': '0.35'}"
636,Rand,False,None,"{'lowerLim': '0.35', 'upperLim': '0.35'}"
637,Rand,False,None,"{'lowerLim': '0.35', 'upperLim': '0.35'}"
638,Rand,True,None,"{'lowerLim': '0.35', 'upperLim': '0.35'}"
639,Rand,True,None,"{'lowerLim': '0.35', 'upperLim': '0.35'}"
640,Rand,True,None,"{'lowerLim': '0.35', 'upperLim': '0.35'}"
641,Rand,False,None,"{'lowerLim': '0.35', 'upperLim': '0.35'}"
642,Rand,False,None,"{'lowerLim': '0.35', 'upperLim': '0.35'}"
643,Rand,True,None,"{'lowerLim': '0.35', 'upperLim': '0.35'}"
644,Rand,False,None,"{'lowerLim': '0.35', 'upperLim': '0.35'}"
645,Rand,False,None,"{'lowerLim': '0.35', 'upperLim': '0.35'}"
646,Rand,True,None,"{'lowerLim': '0.35', 'upperLim': '0.35'}"
647,Rand,True,None,"{'lowerLim': '0.35', 'upperLim': '0.35'}"
648,Rand,True,None,"{'lowerLim': '0.35', 'upperLim': '0.35'}"
649,Rand,True,None,"{'lowerLim': '0.35', 'upperLim': '0.35'}"
650,Rand,False,None,"{'lowerLim': '0.35', 'upperLim': '0.35'}"
651,Rand,True,None,"{'lowerLim': '0.35', 'upperLim': '0.35'}"
652,Rand,True,None,"{'lowerLim': '0.35', 'upperLim': '0.35'}"
653,Rand,True,None,"{'lowerLim': '0.35', 'upperLim': '0.35'}"
654,Rand,False,None,"{'lowerLim': '0.35', 'upperLim': '0.35'}"
655,Rand,True,None,"{'lowerLim': '0.35', 'upperLim': '0.35'}"
656,Rand,False,None,"{'lowerLim': '0.35', 'upperLim': '0.35'}"
657,Rand,True,None,"{'lowerLim': '0.35', 'upperLim': '0.35'}"
658,Rand,True,None,"{'lowerLim': '0.35', 'upperLim': '0.35'}"
659,Rand,True,None,"{'lowerLim': '0.35', 'upperLim': '0.35'}"
660,Rand,True,None,"{'lowerLim': '0.35', 'upperLim': '0.35'}"
661,Rand,True,None,"{'lowerLim': '0.35', 'upperLim': '0.35'}"
662,Rand,True,None,"{'lowerLim': '0.35', 'upperLim': '0.35'}"
663,Rand,False,None,"{'lowerLim': '0.35', 'upperLim': '0.35'}"
664,Rand,False,None,"{'lowerLim': '0.35', 'upperLim': '0.35'}"
665,Rand,True,None,"{'lowerLim': '0.35', 'upperLim': '0.35'}"
666,Rand,True,None,"{'lowerLim': '0.35', 'upperLim': '0.35'}"
667,Rand,True,None,"{'lowerLim': '0.35', 'upperLim': '0.35'}"
668,Rand,True,None,"{'lowerLim': '0.35', 'upperLim': '0.35'}"
669,Rand,True,None,"{'lowerLim': '0.35', 'upperLim': '0.35'}"
670,Rand,True,None,"{'lowerLim': '0.35', 'upperLim': '0.35'}"
671,Rand,True,None,"{'lowerLim': '0.35', 'upperLim': '0.35'}"
672,Rand,True,None,"{'lowerLim': '0.35', 'upperLim': '0.35'}"
673,Rand,True,None,"{'lowerLim': '0.35', 'upperLim': '0.35'}"
674,Rand,True,None,"{'lowerLim': '0.35', 'upperLim': '0.35'}"
675,Rand,True,None,"{'lowerLim': '0.35', 'upperLim': '0.35'}"
676,Rand,True,None,"{'lowerLim': '0.35', 'upperLim': '0.35'}"
677,Rand,True,None,"{'lowerLim': '0.35', 'upperLim': '0.35'}"
678,Rand,False,None,"{'lowerLim': '0.35', 'upperLim': '0.35'}"
679,Rand,False,None,"{'lowerLim': '0.35', 'upperLim': '0.35'}"
680,Rand,True,None,"{'lowerLim': '0.35', 'upperLim': '0.35'}"
681,Rand,True,None,"{'lowerLim': '0.35', 'upperLim': '0.35'}"
682,Rand,True,None,"{'lowerLim': '0.35', 'upperLim': '0.35'}"
683,Rand,False,None,"{'lowerLim': '0.35', 'upperLim': '0.35'}"
684,Rand,True,None,"{'lowerLim': '0.35', 'upperLim': '0.35'}"
685,Rand,True,None,"{'lowerLim': '0.35', 'upperLim': '0.35'}"
686,Rand,True,None,"{'lowerLim': '0.35', 'upperLim': '0.35'}"
687,Rand,True,None,"{'lowerLim': '0.35', 'upperLim': '0.35'}"
688,Rand,True,None,"{'lowerLim': '0.35', 'upperLim': '0.35'}"
689,Rand,False,None,"{'lowerLim': '0.35', 'upperLim': '0.35'}"
690,Rand,True,None,"{'lowerLim': '0.35', 'upperLim': '0.35'}"
691,Rand,True,None,"{'lowerLim': '0.35', 'upperLim': '0.35'}"
692,Rand,True,None,"{'lowerLim': '0.35', 'upperLim': '0.35'}"
693,Rand,True,None,"{'lowerLim': '0.35', 'upperLim': '0.35'}"
694,Rand,True,None,"{'lowerLim': '0.35', 'upperLim': '0.35'}"
695,Rand,False,None,"{'lowerLim': '0.35', 'upperLim': '0.35'}"
696,Rand,True,None,"{'lowerLim': '0.35', 'upperLim': '0.35'}"
697,Rand,True,None,"{'lowerLim': '0.35', 'upperLim': '0.35'}"
698,Rand,True,None,"{'lowerLim': '0.35', 'upperLim': '0.35'}"
699,Rand,False,None,"{'lowerLim': '0.35', 'upperLim': '0.35'}"
700,Rand,False,None,"{'lowerLim': '0.35', 'upperLim': '0.35'}"
701,Rand,True,None,"{'lowerLim': '0.35', 'upperLim': '0.35'}"
702,Rand,True,None,"{'lowerLim': '0.35', 'upperLim': '0.35'}"
703,Rand,False,None,"{'lowerLim': '0.35', 'upperLim': '0.35'}"
704,Rand,False,None,"{'lowerLim': '0.35', 'upperLim': '0.35'}"
705,Rand,False,None,"{'lowerLim': '0.35', 'upperLim': '0.35'}"
706,Rand,True,None,"{'lowerLim': '0.35', 'upperLim': '0.35'}"
707,Rand,True,None,"{'lowerLim': '0.35', 'upperLim': '0.35'}"
708,Rand,False,None,"{'lowerLim': '0.35', 'upperLim': '0.35'}"
709,Rand,True,None,"{'lowerLim': '0.35', 'upperLim': '0.35'}"
710,Rand,False,None,"{'lowerLim': '0.35', 'upperLim': '0.35'}"
711,Rand,False,None,"{'lowerLim': '0.35', 'upperLim': '0.35'}"
712,Rand,True,None,"{'lowerLim': '0.35', 'upperLim': '0.35'}"
713,Rand,True,None,"{'lowerLim': '0.35', 'upperLim': '0.35'}"
714,Rand,False,None,"{'lowerLim': '0.35', 'upperLim': '0.35'}"
715,Rand,True,None,"{'lowerLim': '0.35', 'upperLim': '0.35'}"
716,Rand,False,None,"{'lowerLim': '0.35', 'upperLim': '0.35'}"
717,Rand,True,None,"{'lowerLim': '0.35', 'upperLim': '0.35'}"
718,Rand,True,None,"{'lowerLim': '0.35', 'upperLim': '0.35'}"
719,Rand,True,None,"{'lowerLim': '0.35', 'upperLim': '0.35'}"
720,Rand,False,None,"{'lowerLim': '0.35', 'upperLim': '0.35'}"
721,Rand,True,None,"{'lowerLim': '0.35', 'upperLim': '0.35'}"
722,Rand,False,None,"{'lowerLim': '0.35', 'upperLim': '0.35'}"
723,Rand,False,None,"{'lowerLim': '0.35', 'upperLim': '0.35'}"
724,Rand,True,None,"{'lowerLim': '0.35', 'upperLim': '0.35'}"
725,Rand,True,None,"{'lowerLim': '0.35', 'upperLim': '0.35'}"
726,Rand,False,None,"{'lowerLim': '0.35', 'upperLim': '0.35'}"
727,Rand,False,None,"{'lowerLim': '0.35', 'upperLim': '0.35'}"
728,Rand,True,None,"{'lowerLim': '0.35', 'upperLim': '0.35'}"
729,Rand,True,None,"{'lowerLim': '0.35', 'upperLim': '0.35'}"
730,Rand,False,None,"{'lowerLim': '0.35', 'upperLim': '0.35'}"
731,Rand,True,None,"{'lowerLim': '0.35', 'upperLim': '0.35'}"
732,Rand,False,None,"{'lowerLim': '0.35', 'upperLim': '0.35'}"
733,Rand,True,None,"{'lowerLim': '0.35', 'upperLim': '0.35'}"
734,Rand,True,None,"{'lowerLim': '0.35', 'upperLim': '0.35'}"
735,Rand,False,None,"{'lowerLim': '0.35', 'upperLim': '0.35'}"
736,Rand,True,None,"{'lowerLim': '0.35', 'upperLim': '0.35'}"
737,Rand,False,None,"{'lowerLim': '0.35', 'upperLim': '0.35'}"
738,Rand,True,None,"{'lowerLim': '0.35', 'upperLim': '0.35'}"
739,Rand,True,None,"{'lowerLim': '0.35', 'upperLim': '0.35'}"
740,Rand,True,None,"{'lowerLim': '0.35', 'upperLim': '0.35'}"
741,Rand,True,None,"{'lowerLim': '0.35', 'upperLim': '0.35'}"
742,Rand,True,None,"{'lowerLim': '0.35', 'upperLim': '0.35'}"
743,Rand,True,None,"{'lowerLim': '0.35', 'upperLim': '0.35'}"
744,Rand,False,None,"{'lowerLim': '0.35', 'upperLim': '0.35'}"
745,Rand,False,None,"{'lowerLim': '0.35', 'upperLim': '0.35'}"
746,Rand,False,None,"{'lowerLim': '0.35', 'upperLim': '0.35'}"
747,Rand,False,None,"{'lowerLim': '0.35', 'upperLim': '0.35'}"
748,Rand,True,None,"{'lowerLim': '0.35', 'upperLim': '0.35'}"
749,Rand,True,None,"{'lowerLim': '0.35', 'upperLim': '0.35'}"
750,Rand,True,None,"{'lowerLim': '0.35', 'upperLim': '0.35'}"
751,Rand,False,None,"{'lowerLim': '0.35', 'upperLim': '0.35'}"
752,Rand,True,None,"{'lowerLim': '0.35', 'upperLim': '0.35'}"
753,Rand,False,None,"{'lowerLim': '0.35', 'upperLim': '0.35'}"
754,Rand,True,None,"{'lowerLim': '0.35', 'upperLim': '0.35'}"
755,Rand,False,None,"{'lowerLim': '0.35', 'upperLim': '0.35'}"
756,Rand,True,None,"{'lowerLim': '0.35', 'upperLim': '0.35'}"
757,Rand,True,None,"{'lowerLim': '0.35', 'upperLim': '0.35'}"
758,Rand,False,None,"{'lowerLim': '0.35', 'upperLim': '0.35'}"
759,Rand,True,None,"{'lowerLim': '0.35', 'upperLim': '0.35'}"
760,Rand,True,None,"{'lowerLim': '0.35', 'upperLim': '0.35'}"
761,Rand,False,None,"{'lowerLim': '0.35', 'upperLim': '0.35'}"
762,Rand,False,None,"{'lowerLim': '0.35', 'upperLim': '0.35'}"
763,Rand,True,None,"{'lowerLim': '0.35', 'upperLim': '0.35'}"
764,Rand,True,None,"{'lowerLim': '0.35', 'upperLim': '0.35'}"
765,Rand,True,None,"{'lowerLim': '0.35', 'upperLim': '0.35'}"
766,Rand,True,None,"{'lowerLim': '0.35', 'upperLim': '0.35'}"
767,Rand,True,None,"{'lowerLim': '0.35', 'upperLim': '0.35'}"
768,Rand,True,None,"{'lowerLim': '0.35', 'upperLim': '0.35'}"
769,Rand,True,None,"{'lowerLim': '0.35', 'upperLim': '0.35'}"
770,Rand,False,None,"{'lowerLim': '0.35', 'upperLim': '0.35'}"
771,Rand,True,None,"{'lowerLim': '0.35', 'upperLim': '0.35'}"
772,Rand,True,None,"{'lowerLim': '0.35', 'upperLim': '0.35'}"
773,Rand,True,None,"{'lowerLim': '0.35', 'upperLim': '0.35'}"
774,Rand,True,None,"{'lowerLim': '0.35', 'upperLim': '0.35'}"
775,Rand,True,None,"{'lowerLim': '0.35', 'upperLim': '0.35'}"
776,Rand,False,None,"{'lowerLim': '0.35', 'upperLim': '0.35'}"
777,Rand,True,None,"{'lowerLim': '0.35', 'upperLim': '0.35'}"
778,Rand,False,None,"{'lowerLim': '0.35', 'upperLim': '0.35'}"
779,Rand,False,None,"{'lowerLim': '0.35', 'upperLim': '0.35'}"
780,Rand,True,None,"{'lowerLim': '0.35', 'upperLim': '0.35'}"
781,Rand,True,None,"{'lowerLim': '0.35', 'upperLim': '0.35'}"
782,Rand,True,None,"{'lowerLim': '0.35', 'upperLim': '0.35'}"
783,Rand,False,None,"{'lowerLim': '0.35', 'upperLim': '0.35'}"
784,Rand,True,None,"{'lowerLim': '0.35', 'upperLim': '0.35'}"
785,Rand,False,None,"{'lowerLim': '0.35', 'upperLim': '0.35'}"
786,Rand,True,None,"{'lowerLim': '0.35', 'upperLim': '0.35'}"
787,Rand,False,None,"{'lowerLim': '0.35', 'upperLim': '0.35'}"
788,Rand,True,None,"{'lowerLim': '0.35', 'upperLim': '0.35'}"
789,Rand,True,None,"{'lowerLim': '0.35', 'upperLim': '0.35'}"
790,Rand,True,None,"{'lowerLim': '0.35', 'upperLim': '0.35'}"
791,Rand,True,None,"{'lowerLim': '0.35', 'upperLim': '0.35'}"
792,Rand,True,None,"{'lowerLim': '0.35', 'upperLim': '0.35'}"
793,Rand,False,None,"{'lowerLim': '0.35', 'upperLim': '0.35'}"
794,Rand,False,None,"{'lowerLim': '0.35', 'upperLim': '0.35'}"
795,Rand,False,None,"{'lowerLim': '0.35', 'upperLim': '0.35'}"
796,Rand,True,None,"{'lowerLim': '0.35', 'upperLim': '0.35'}"
797,Rand,False,None,"{'lowerLim': '0.35', 'upperLim': '0.35'}"
798,Rand,True,None,"{'lowerLim': '0.35', 'upperLim': '0.35'}"
799,Rand,False,None,"{'lowerLim': '0.35', 'upperLim': '0.35'}"
800,Rand,True,None,"{'lowerLim': '0.35', 'upperLim': '0.35'}"
801,Rand,True,None,"{'lowerLim': '0.35', 'upperLim': '0.35'}"
802,Rand,True,None,"{'lowerLim': '0.35', 'upperLim': '0.35'}"
803,Rand,True,None,"{'lowerLim': '0.35', 'upperLim': '0.35'}"
804,Rand,True,None,"{'lowerLim': '0.35', 'upperLim': '0.35'}"
805,Rand,True,None,"{'lowerLim': '0.35', 'upperLim': '0.35'}"
806,Rand,True,None,"{'lowerLim': '0.35', 'upperLim': '0.35'}"
807,Rand,True,None,"{'lowerLim': '0.35', 'upperLim': '0.35'}"
808,Rand,True,None,"{'lowerLim': '0.35', 'upperLim': '0.35'}"
809,Rand,False,None,"{'lowerLim': '0.35', 'upperLim': '0.35'}"
810,Rand,True,None,"{'lowerLim': '0.35', 'upperLim': '0.35'}"
811,Rand,False,None,"{'lowerLim': '0.35', 'upperLim': '0.35'}"
812,Rand,False,None,"{'lowerLim': '0.35', 'upperLim': '0.35'}"
813,Rand,True,None,"{'lowerLim': '0.35', 'upperLim': '0.35'}"
814,Rand,True,None,"{'lowerLim': '0.35', 'upperLim': '0.35'}"
815,Rand,False,None,"{'lowerLim': '0.35', 'upperLim': '0.35'}"
816,Rand,False,None,"{'lowerLim': '0.35', 'upperLim': '0.35'}"
817,Rand,False,None,"{'lowerLim': '0.35', 'upperLim': '0.35'}"
818,Rand,False,None,"{'lowerLim': '0.35', 'upperLim': '0.35'}"
819,Rand,False,None,"{'lowerLim': '0.35', 'upperLim': '0.35'}"
820,Rand,True,None,"{'lowerLim': '0.35', 'upperLim': '0.35'}"
821,Rand,False,None,"{'lowerLim': '0.35', 'upperLim': '0.35'}"
822,Rand,True,None,"{'lowerLim': '0.35', 'upperLim': '0.35'}"
823,Rand,True,None,"{'lowerLim': '0.35', 'upperLim': '0.35'}"
824,Rand,True,None,"{'lowerLim': '0.35', 'upperLim': '0.35'}"
825,Rand,False,None,"{'lowerLim': '0.35', 'upperLim': '0.35'}"
826,Rand,True,None,"{'lowerLim': '0.35', 'upperLim': '0.35'}"
827,Rand,True,None,"{'lowerLim': '0.35', 'upperLim': '0.35'}"
828,Rand,False,None,"{'lowerLim': '0.35', 'upperLim': '0.35'}"
829,Rand,True,None,"{'lowerLim': '0.35', 'upperLim': '0.35'}"
830,Rand,True,None,"{'lowerLim': '0.35', 'upperLim': '0.35'}"
831,Rand,True,None,"{'lowerLim': '0.35', 'upperLim': '0.35'}"
832,Rand,True,None,"{'lowerLim': '0.35', 'upperLim': '0.35'}"
833,Rand,True,None,"{'lowerLim': '0.35', 'upperLim': '0.35'}"
834,Rand,True,None,"{'lowerLim': '0.35', 'upperLim': '0.35'}"
835,Rand,True,None,"{'lowerLim': '0.35', 'upperLim': '0.35'}"
836,Rand,True,None,"{'lowerLim': '0.35', 'upperLim': '0.35'}"
837,Rand,True,None,"{'lowerLim': '0.35', 'upperLim': '0.35'}"
838,Rand,False,None,"{'lowerLim': '0.35', 'upperLim': '0.35'}"
839,Rand,True,None,"{'lowerLim': '0.35', 'upperLim': '0.35'}"
840,Rand,False,None,"{'lowerLim': '0.35', 'upperLim': '0.35'}"
841,Rand,False,None,"{'lowerLim': '0.35', 'upperLim': '0.35'}"
842,Rand,True,None,"{'lowerLim': '0.35', 'upperLim': '0.35'}"
843,Rand,False,None,"{'lowerLim': '0.35', 'upperLim': '0.35'}"
844,Rand,False,None,"{'lowerLim': '0.35', 'upperLim': '0.35'}"
845,Rand,True,None,"{'lowerLim': '0.35', 'upperLim': '0.35'}"
846,Rand,True,None,"{'lowerLim': '0.35', 'upperLim': '0.35'}"
847,Rand,True,None,"{'lowerLim': '0.35', 'upperLim': '0.35'}"
848,Rand,True,None,"{'lowerLim': '0.35', 'upperLim': '0.35'}"
849,Rand,True,None,"{'lowerLim': '0.35', 'upperLim': '0.35'}"
850,Rand,False,None,"{'lowerLim': '0.35', 'upperLim': '0.35'}"
851,Rand,False,None,"{'lowerLim': '0.35', 'upperLim': '0.35'}"
852,Rand,False,None,"{'lowerLim': '0.35', 'upperLim': '0.35'}"
853,Rand,False,None,"{'lowerLim': '0.35', 'upperLim': '0.35'}"
854,Rand,False,None,"{'lowerLim': '0.35', 'upperLim': '0.35'}"
855,Rand,True,None,"{'lowerLim': '0.35', 'upperLim': '0.35'}"
856,Rand,True,None,"{'lowerLim': '0.35', 'upperLim': '0.35'}"
857,Rand,True,None,"{'lowerLim': '0.35', 'upperLim': '0.35'}"
858,Rand,True,None,"{'lowerLim': '0.35', 'upperLim': '0.35'}"
859,Rand,True,None,"{'lowerLim': '0.35', 'upperLim': '0.35'}"
860,Rand,True,None,"{'lowerLim': '0.35', 'upperLim': '0.35'}"
861,Rand,True,None,"{'lowerLim': '0.35', 'upperLim': '0.35'}"
862,Rand,True,None,"{'lowerLim': '0.35', 'upperLim': '0.35'}"
863,Rand,True,None,"{'lowerLim': '0.35', 'upperLim': '0.35'}"
864,Rand,True,None,"{'lowerLim': '0.35', 'upperLim': '0.35'}"
865,Rand,False,None,"{'lowerLim': '0.35', 'upperLim': '0.35'}"
866,Rand,False,None,"{'lowerLim': '0.35', 'upperLim': '0.35'}"
867,Rand,True,None,"{'lowerLim': '0.35', 'upperLim': '0.35'}"
868,Rand,True,None,"{'lowerLim': '0.35', 'upperLim': '0.35'}"
869,Rand,False,None,"{'lowerLim': '0.35', 'upperLim': '0.35'}"
870,Rand,True,None,"{'lowerLim': '0.35', 'upperLim': '0.35'}"
871,Rand,False,None,"{'lowerLim': '0.35', 'upperLim': '0.35'}"
872,Rand,True,None,"{'lowerLim': '0.35', 'upperLim': '0.35'}"
873,Rand,False,None,"{'lowerLim': '0.35', 'upperLim': '0.35'}"
874,Rand,True,None,"{'lowerLim': '0.35', 'upperLim': '0.35'}"
875,Rand,False,None,"{'lowerLim': '0.35', 'upperLim': '0.35'}"
876,Rand,True,None,"{'lowerLim': '0.35', 'upperLim': '0.35'}"
877,Rand,True,None,"{'lowerLim': '0.35', 'upperLim': '0.35'}"
878,Rand,False,None,"{'lowerLim': '0.35', 'upperLim': '0.35'}"
879,Rand,True,None,"{'lowerLim': '0.35', 'upperLim': '0.35'}"
880,Rand,False,None,"{'lowerLim': '0.35', 'upperLim': '0.35'}"
881,Rand,True,None,"{'lowerLim': '0.35', 'upperLim': '0.35'}"
882,Rand,False,None,"{'lowerLim': '0.35', 'upperLim': '0.35'}"
883,Rand,True,None,"{'lowerLim': '0.35', 'upperLim': '0.35'}"
884,Rand,True,None,"{'lowerLim': '0.35', 'upperLim': '0.35'}"
885,Rand,True,None,"{'lowerLim': '0.35', 'upperLim': '0.35'}"
886,Rand,False,None,"{'lowerLim': '0.35', 'upperLim': '0.35'}"
887,Rand,True,None,"{'lowerLim': '0.35', 'upperLim': '0.35'}"
888,Rand,True,None,"{'lowerLim': '0.35', 'upperLim': '0.35'}"
889,Rand,True,None,"{'lowerLim': '0.35', 'upperLim': '0.35'}"
890,Rand,False,None,"{'lowerLim': '0.35', 'upperLim': '0.35'}"
891,Rand,True,None,"{'lowerLim': '0.35', 'upperLim': '0.35'}"
892,Rand,False,None,"{'lowerLim': '0.35', 'upperLim': '0.35'}"
893,Rand,True,None,"{'lowerLim': '0.35', 'upperLim': '0.35'}"
894,Rand,True,None,"{'lowerLim': '0.35', 'upperLim': '0.35'}"
895,Rand,True,None,"{'lowerLim': '0.35', 'upperLim': '0.35'}"
896,Rand,True,None,"{'lowerLim': '0.35', 'upperLim': '0.35'}"
897,Rand,False,None,"{'lowerLim': '0.35', 'upperLim': '0.35'}"
898,Rand,False,None,"{'lowerLim': '0.35', 'upperLim': '0.35'}"
899,Rand,True,None,"{'lowerLim': '0.35', 'upperLim': '0.35'}"
900,Rand,True,None,"{'lowerLim': '0.35', 'upperLim': '0.35'}"
901,Rand,True,None,"{'lowerLim': '0.35', 'upperLim': '0.35'}"
902,Rand,True,None,"{'lowerLim': '0.35', 'upperLim': '0.35'}"
903,Rand,True,None,"{'lowerLim': '0.35', 'upperLim': '0.35'}"
904,Rand,True,None,"{'lowerLim': '0.35', 'upperLim': '0.35'}"
905,Rand,False,None,"{'lowerLim': '0.35', 'upperLim': '0.35'}"
906,Rand,False,None,"{'lowerLim': '0.35', 'upperLim': '0.35'}"
907,Rand,False,None,"{'lowerLim': '0.35', 'upperLim': '0.35'}"
908,Rand,False,None,"{'lowerLim': '0.35', 'upperLim': '0.35'}"
909,Rand,True,None,"{'lowerLim': '0.35', 'upperLim': '0.35'}"
910,Rand,True,None,"{'lowerLim': '0.35', 'upperLim': '0.35'}"
911,Rand,True,None,"{'lowerLim': '0.35', 'upperLim': '0.35'}"
912,Rand,True,None,"{'lowerLim': '0.35', 'upperLim': '0.35'}"
913,Rand,True,None,"{'lowerLim': '0.35', 'upperLim': '0.35'}"
914,Rand,True,None,"{'lowerLim': '0.35', 'upperLim': '0.35'}"
915,Rand,True,None,"{'lowerLim': '0.35', 'upperLim': '0.35'}"
916,Rand,True,None,"{'lowerLim': '0.35', 'upperLim': '0.35'}"
917,Rand,False,None,"{'lowerLim': '0.35', 'upperLim': '0.35'}"
918,Rand,True,None,"{'lowerLim': '0.35', 'upperLim': '0.35'}"
919,Rand,True,None,"{'lowerLim': '0.35', 'upperLim': '0.35'}"
920,Rand,False,None,"{'lowerLim': '0.35', 'upperLim': '0.35'}"
921,Rand,True,None,"{'lowerLim': '0.35', 'upperLim': '0.35'}"
922,Rand,False,None,"{'lowerLim': '0.35', 'upperLim': '0.35'}"
923,Rand,True,None,"{'lowerLim': '0.35', 'upperLim': '0.35'}"
924,Rand,True,None,"{'lowerLim': '0.35', 'upperLim': '0.35'}"
925,Rand,False,None,"{'lowerLim': '0.35', 'upperLim': '0.35'}"
926,Rand,True,None,"{'lowerLim': '0.35', 'upperLim': '0.35'}"
927,Rand,False,None,"{'lowerLim': '0.35', 'upperLim': '0.35'}"
928,Rand,True,None,"{'lowerLim': '0.35', 'upperLim': '0.35'}"
929,Rand,True,None,"{'lowerLim': '0.35', 'upperLim': '0.35'}"
930,Rand,True,None,"{'lowerLim': '0.35', 'upperLim': '0.35'}"
931,Rand,True,None,"{'lowerLim': '0.35', 'upperLim': '0.35'}"
932,Rand,True,None,"{'lowerLim': '0.35', 'upperLim': '0.35'}"
933,Rand,True,None,"{'lowerLim': '0.35', 'upperLim': '0.35'}"
934,Rand,True,None,"{'lowerLim': '0.35', 'upperLim': '0.35'}"
935,Rand,False,None,"{'lowerLim': '0.35', 'upperLim': '0.35'}"
936,Rand,True,None,"{'lowerLim': '0.35', 'upperLim': '0.35'}"
937,Rand,True,None,"{'lowerLim': '0.35', 'upperLim': '0.35'}"
938,Rand,True,None,"{'lowerLim': '0.35', 'upperLim': '0.35'}"
939,Rand,False,None,"{'lowerLim': '0.35', 'upperLim': '0.35'}"
940,Rand,False,None,"{'lowerLim': '0.35', 'upperLim': '0.35'}"
941,Rand,True,None,"{'lowerLim': '0.35', 'upperLim': '0.35'}"
942,Rand,True,None,"{'lowerLim': '0.35', 'upperLim': '0.35'}"
943,Rand,True,None,"{'lowerLim': '0.35', 'upperLim': '0.35'}"
944,Rand,True,None,"{'lowerLim': '0.35', 'upperLim': '0.35'}"
945,Rand,True,None,"{'lowerLim': '0.35', 'upperLim': '0.35'}"
946,Rand,True,None,"{'lowerLim': '0.35', 'upperLim': '0.35'}"
947,Rand,True,None,"{'lowerLim': '0.35', 'upperLim': '0.35'}"
948,Rand,False,None,"{'lowerLim': '0.35', 'upperLim': '0.35'}"
949,Rand,True,None,"{'lowerLim': '0.35', 'upperLim': '0.35'}"
950,Rand,True,None,"{'lowerLim': '0.35', 'upperLim': '0.35'}"
951,Rand,False,None,"{'lowerLim': '0.35', 'upperLim': '0.35'}"
952,Rand,False,None,"{'lowerLim': '0.35', 'upperLim': '0.35'}"
953,Rand,True,None,"{'lowerLim': '0.35', 'upperLim': '0.35'}"
954,Rand,True,None,"{'lowerLim': '0.35', 'upperLim': '0.35'}"
955,Rand,True,None,"{'lowerLim': '0.35', 'upperLim': '0.35'}"
956,Rand,True,None,"{'lowerLim': '0.35', 'upperLim': '0.35'}"
957,Rand,True,None,"{'lowerLim': '0.35', 'upperLim': '0.35'}"
958,Rand,True,None,"{'lowerLim': '0.35', 'upperLim': '0.35'}"
959,Rand,True,None,"{'lowerLim': '0.35', 'upperLim': '0.35'}"
960,Rand,True,None,"{'lowerLim': '0.35', 'upperLim': '0.35'}"
961,Rand,False,None,"{'lowerLim': '0.35', 'upperLim': '0.35'}"
962,Rand,True,None,"{'lowerLim': '0.35', 'upperLim': '0.35'}"
963,Rand,True,None,"{'lowerLim': '0.35', 'upperLim': '0.35'}"
964,Rand,True,None,"{'lowerLim': '0.35', 'upperLim': '0.35'}"
965,Rand,True,None,"{'lowerLim': '0.35', 'upperLim': '0.35'}"
966,Rand,True,None,"{'lowerLim': '0.35', 'upperLim': '0.35'}"
967,Rand,True,None,"{'lowerLim': '0.35', 'upperLim': '0.35'}"
968,Rand,False,None,"{'lowerLim': '0.35', 'upperLim': '0.35'}"
969,Rand,False,None,"{'lowerLim': '0.35', 'upperLim': '0.35'}"
970,Rand,True,None,"{'lowerLim': '0.35', 'upperLim': '0.35'}"
971,Rand,True,None,"{'lowerLim': '0.35', 'upperLim': '0.35'}"
972,Rand,True,None,"{'lowerLim': '0.35', 'upperLim': '0.35'}"
973,Rand,True,None,"{'lowerLim': '0.35', 'upperLim': '0.35'}"
974,Rand,True,None,"{'lowerLim': '0.35', 'upperLim': '0.35'}"
975,Rand,True,None,"{'lowerLim': '0.35', 'upperLim': '0.35'}"
976,Rand,False,None,"{'lowerLim': '0.35', 'upperLim': '0.35'}"
977,Rand,True,None,"{'lowerLim': '0.35', 'upperLim': '0.35'}"
978,Rand,True,None,"{'lowerLim': '0.35', 'upperLim': '0.35'}"
979,Rand,True,None,"{'lowerLim': '0.35', 'upperLim': '0.35'}"
980,Rand,False,None,"{'lowerLim': '0.35', 'upperLim': '0.35'}"
981,Rand,True,None,"{'lowerLim': '0.35', 'upperLim': '0.35'}"
982,Rand,False,None,"{'lowerLim': '0.35', 'upperLim': '0.35'}"
983,Rand,False,None,"{'lowerLim': '0.35', 'upperLim': '0.35'}"
984,Rand,False,None,"{'lowerLim': '0.35', 'upperLim': '0.35'}"
985,Rand,True,None,"{'lowerLim': '0.35', 'upperLim': '0.35'}"
986,Rand,True,None,"{'lowerLim': '0.35', 'upperLim': '0.35'}"
987,Rand,False,None,"{'lowerLim': '0.35', 'upperLim': '0.35'}"
988,Rand,True,None,"{'lowerLim': '0.35', 'upperLim': '0.35'}"
989,Rand,True,None,"{'lowerLim': '0.35', 'upperLim': '0.35'}"
990,Rand,False,None,"{'lowerLim': '0.35', 'upperLim': '0.35'}"
991,Rand,True,None,"{'lowerLim': '0.35', 'upperLim': '0.35'}"
992,Rand,True,None,"{'lowerLim': '0.35', 'upperLim': '0.35'}"
993,Rand,True,None,"{'lowerLim': '0.35', 'upperLim': '0.35'}"
994,Rand,True,None,"{'lowerLim': '0.35', 'upperLim': '0.35'}"
995,Rand,False,None,"{'lowerLim': '0.35', 'upperLim': '0.35'}"
996,Rand,True,None,"{'lowerLim': '0.35', 'upperLim': '0.35'}"
997,Rand,False,None,"{'lowerLim': '0.35', 'upperLim': '0.35'}"
998,Rand,True,None,"{'lowerLim': '0.35', 'upperLim': '0.35'}"
999,Rand,True,None,"{'lowerLim': '0.35', 'upperLim': '0.35'}"
1000,Rand,True,None,"{'lowerLim': '0.35', 'upperLim': '0.35'}"
1001,Rand,True,None,"{'lowerLim': '0.35', 'upperLim': '0.35'}"
1002,Rand,True,None,"{'lowerLim': '0.35', 'upperLim': '0.35'}"
1003,Rand,True,None,"{'lowerLim': '0.35', 'upperLim': '0.35'}"
1004,Rand,False,None,"{'lowerLim': '0.35', 'upperLim': '0.35'}"
1005,Rand,True,None,"{'lowerLim': '0.35', 'upperLim': '0.35'}"
1006,Rand,True,None,"{'lowerLim': '0.35', 'upperLim': '0.35'}"
1007,Rand,True,None,"{'lowerLim': '0.35', 'upperLim': '0.35'}"
1008,Rand,False,None,"{'lowerLim': '0.35', 'upperLim': '0.35'}"
1009,Rand,True,None,"{'lowerLim': '0.35', 'upperLim': '0.35'}"
1010,Rand,True,None,"{'lowerLim': '0.35', 'upperLim': '0.35'}"
1011,Rand,True,None,"{'lowerLim': '0.35', 'upperLim': '0.35'}"
1012,Rand,False,None,"{'lowerLim': '0.35', 'upperLim': '0.35'}"
1013,Rand,True,None,"{'lowerLim': '0.35', 'upperLim': '0.35'}"
1014,Rand,False,None,"{'lowerLim': '0.35', 'upperLim': '0.35'}"
1015,Rand,True,None,"{'lowerLim': '0.35', 'upperLim': '0.35'}"
1016,Rand,True,None,"{'lowerLim': '0.35', 'upperLim': '0.35'}"
1017,Rand,False,None,"{'lowerLim': '0.35', 'upperLim': '0.35'}"
1018,Psychometric,False,1667577485864219_1,"{'lowerLim': '0.0', 'upperLim': '0.0'}"
1019,Rand,True,None,"{'lowerLim': '0.35', 'upperLim': '0.35'}"
1020,Rand,False,None,"{'lowerLim': '0.35', 'upperLim': '0.35'}"
1021,Psychometric,True,1667577485864219_1,"{'lowerLim': '0.0', 'upperLim': '0.0'}"
1022,Psychometric,True,1667577485864219_0,"{'lowerLim': '0.0', 'upperLim': '0.0'}"
1023,Rand,True,None,"{'lowerLim': '0.35', 'upperLim': '0.35'}"
1024,Rand,True,None,"{'lowerLim': '0.35', 'upperLim': '0.35'}"
1025,Rand,False,None,"{'lowerLim': '0.35', 'upperLim': '0.35'}"
1026,Rand,False,None,"{'lowerLim': '0.35', 'upperLim': '0.35'}"
1027,Rand,True,None,"{'lowerLim': '0.35', 'upperLim': '0.35'}"
1028,Rand,False,None,"{'lowerLim': '0.35', 'upperLim': '0.35'}"
1029,Rand,True,None,"{'lowerLim': '0.35', 'upperLim': '0.35'}"
1030,Rand,False,None,"{'lowerLim': '0.35', 'upperLim': '0.35'}"
1031,Rand,True,None,"{'lowerLim': '0.35', 'upperLim': '0.35'}"
1032,Psychometric,False,1667577485864219_1,"{'lowerLim': '0.0', 'upperLim': '0.0'}"
1033,Rand,False,None,"{'lowerLim': '0.35', 'upperLim': '0.35'}"
1034,Psychometric,True,1667577485864219_0,"{'lowerLim': '0.0', 'upperLim': '0.0'}"
1035,Rand,True,None,"{'lowerLim': '0.35', 'upperLim': '0.35'}"
1036,Rand,False,None,"{'lowerLim': '0.35', 'upperLim': '0.35'}"
1037,Psychometric,False,1667577485864219_1,"{'lowerLim': '0.0', 'upperLim': '0.0'}"
1038,Rand,True,None,"{'lowerLim': '0.35', 'upperLim': '0.35'}"
1039,Rand,False,None,"{'lowerLim': '0.35', 'upperLim': '0.35'}"
1040,Rand,True,None,"{'lowerLim': '0.35', 'upperLim': '0.35'}"
1041,Rand,True,None,"{'lowerLim': '0.35', 'upperLim': '0.35'}"
1042,Rand,False,None,"{'lowerLim': '0.35', 'upperLim': '0.35'}"
1043,Rand,False,None,"{'lowerLim': '0.35', 'upperLim': '0.35'}"
1044,Rand,False,None,"{'lowerLim': '0.35', 'upperLim': '0.35'}"
1045,Rand,True,None,"{'lowerLim': '0.35', 'upperLim': '0.35'}"
1046,Rand,True,None,"{'lowerLim': '0.35', 'upperLim': '0.35'}"
1047,Psychometric,False,1667577485864219_1,"{'lowerLim': '0.0', 'upperLim': '0.0'}"
1048,Rand,False,None,"{'lowerLim': '0.35', 'upperLim': '0.35'}"
1049,Rand,True,None,"{'lowerLim': '0.35', 'upperLim': '0.35'}"
1050,Psychometric,True,1667577485864219_0,"{'lowerLim': '0.0', 'upperLim': '0.0'}"
1051,Rand,True,None,"{'lowerLim': '0.35', 'upperLim': '0.35'}"
1052,Rand,True,None,"{'lowerLim': '0.35', 'upperLim': '0.35'}"
1053,Rand,True,None,"{'lowerLim': '0.35', 'upperLim': '0.35'}"
1054,Rand,True,None,"{'lowerLim': '0.35', 'upperLim': '0.35'}"
1055,Rand,True,None,"{'lowerLim': '0.35', 'upperLim': '0.35'}"
1056,Rand,False,None,"{'lowerLim': '0.35', 'upperLim': '0.35'}"
1057,Rand,False,None,"{'lowerLim': '0.35', 'upperLim': '0.35'}"
1058,Rand,True,None,"{'lowerLim': '0.35', 'upperLim': '0.35'}"
1059,Rand,True,None,"{'lowerLim': '0.35', 'upperLim': '0.35'}"
1060,Rand,True,None,"{'lowerLim': '0.35', 'upperLim': '0.35'}"
1061,Rand,False,None,"{'lowerLim': '0.35', 'upperLim': '0.35'}"
1062,Psychometric,False,1667577485864219_1,"{'lowerLim': '0.0', 'upperLim': '0.0'}"
